,sentence,ans
0,就是喝酒吧，，,"酒,b"
1,被分數騙來+1，不過羊肉爐有包廂是不錯,"羊肉爐,a"
2,蔥爆牛肉沒牛肉，不是熱炒很多菜都是冷冷的，，,"蔥爆牛肉,c"
3,以吃過的熱炒店來說，口味算難吃的。椒鹽田雞裹粉很厚又沒肉還混炸薯條一起ㄧ盤？給兩顆星算客氣了。,"椒鹽田雞,c"
4,跟別家比起來，這家給的份量少。一盤蝦大概就8到10隻而已。,"蝦,c"
5,CP值很高！東西好吃，酒促好看，啤酒冰涼，服務周到，就一點不好！，人太多了，比較吵且常要排隊！,"啤酒,a"
6,好吃，便宜(在台北竟然有此價位)，白飯免費喔～，內座區超大的,"米飯,a"
7,畢竟，當你來台灣，炒！我來到這裡，這裡有日式菜單，沒有緊急的氛圍，所以您可以慢慢品嚐當地美食和清酒。，這是一個自己從冰箱裡帶來飲料的系統。，Pakchi潛伏在各個地方，所以建議事先告訴店員（如果你不擅長），，,"清酒,a"
8,可以吃熱炒、薑母鴨、串燒很方便,"熱炒,a?薑母鴨,a?串燒,a"
9,這是台灣的一家小酒館。，我在這附近去了一些炸雞，但這是最值得推薦的口味，價格和氛圍，白米是免費和免費的，提供日式菜單，，,"炸雞,a?米飯,a"
10,喝酒哈啦，是還可以囉,"酒,b"
11,喝酒聊天，不擁擠的好店~,"酒,a"
12,實惠和美味的食物（堅持中國/台灣），便宜的啤酒和美妙，有趣的氛圍。非常適合團體。，，,"酒,a"
13,熱炒、燒烤、鍋類食物都不錯吃,"熱炒,a?燒烤,a?鍋類,a"
14,很棒的當地餐廳，與朋友一起享用啤酒，，,"啤酒,a"
15,炒飯是隔夜的，蒼蠅頭臭酸掉，脾酒有嚴重的塑膠味，牛肉難吃...非常不建議的熱炒店,"炒飯,c?蒼蠅頭,c?啤酒,c?牛肉,c"
16,點擊這裡吃午飯！，，還有一個日本菜單，用圓圈交出。米飯是免費的。，因為它是空的，它立刻就出來了。，，空調蔬菜穩定可口。，豬肝炒香，但味道鮮美。適合啤酒和米飯！，，我真的很想吃蛤蜊炒，但我錯誤地點了台灣羅勒炒菜。Korichori的質地獨特，似乎是一種習慣。調味你的選擇！，，其他......我不推薦它。特別是年糕仍然冷凍...我很害怕，不能吃它。，，店員的年輕職員不友好，但自從我看著柯南，我感到很親近。哈哈，，,"米飯,a?豬肝,a?啤酒,a"
17,中午生意不好卻還是營業，直接5顆星！菜色有一定的水準，其中炸物和豬肝非常好吃。不是特別划算，一盤菜的份量偏少，但如果下次中午要吃熱炒還是會毫不猶豫選擇這家店。,"炸物,a?豬肝,a"
18,便宜，不錯吃，就是有台灣風味的熱炒。,"熱炒,a"
19,據說這是長安東路熱烤街上最美味的餐廳（我不知道，因為我還沒有去過這一切）。它真的很美味，就像當地的食物，因此推薦給想要具有當地風味的人。我認為您可以品嚐到台灣風味。，此外，啤酒是阻止啤酒女郎並將其帶到您身邊的一種形式，所以我想知道這樣的事情是否可能是台灣人（亞洲人）。，，,"熱炒,a"
20,推薦的生魚片，一上桌還沒退冰啊～,"生魚片,c"
21,我工作在國外，一年只回來一個月，每次回來都會去各式各樣的熱炒店報到，昨晚吃了隔壁的鮮納肚熱炒，點了8道，只有一道難吃，其餘7道都令我們讚賞不已。於是今天中午又想來鮮納肚吃，但中午沒開，看到33區評分跟鮮納肚差不多，才來試試隔壁的33區，結果點8道，被我們嫌了7道，真的是很差的一間熱炒，非常不推！蝦子也比鮮納肚小很多，真是很無言！兩家都屬重口味，但33區的廚師功力真的很差，很喜歡吃熱炒的我，不會再來！唯一一道不被嫌的，還是難度最低的客家小炒！吃完整個心情很差,"蝦子,c?熱炒,c"
22,炒豬肝很好吃😂😂,"豬肝,a"
23,台灣本地居酒屋，由於一盤的體積不大（適量），因此可以吃各種台灣美食。，空芯真好吃！，，,"空芯,a"
24,串燒比炒菜好吃的快炒店,"串燒,a"
25,海鮮不新鮮份量少,"海鮮,a"
26,台灣海鮮居酒屋，一邊喝啤酒一邊索要海鮮和烤串，啤酒是自助服務，可以計算瓶數。，，,"啤酒,b?海鮮,b?串烤,b"
27,豬肝好吃,"豬肝,a"
28,普通熱炒還算ok,"熱炒,b"
29,燒烤鍋物熱炒應有盡有，價錢不錯,"燒烤,b?鍋物,b?熱炒,b"
30,不錯的熱炒店,"熱炒,a"
31,我去台灣喝酒，想喝酒。，如果是第一次我不知道該如何訂購，，您要做的就是像其他商店一樣，在菜單上寫上編號並將其移交給我們。，還有一個日式菜單。，酒精是從後面的冰箱裡拿出來的。，將空瓶子放在腳下的酒瓶盒中。，我只吃煮熟的食物，但它的味道很好。，，這是非吸煙/吸菸類別，在台灣，我認為室內是非吸煙的，但您可以吸煙。，他們似乎在室內，聲稱在戶外，因此他們似乎能夠吸煙。，，,"酒,a"
32,不推薦！米飯沒熟、生魚片完全不ok…,"米飯,c?生魚片,c"
33,"食七樣野竟然七樣都只可以用難食黎形容，黎台灣20次唯一一次食到咁難食既餐廳，而且快炒係台灣黎講係好少出事既餐廳都可以伏到咁，，大腸完全咬唔開、飯完全未熟、苦瓜硬到爆，連刺身都係未解凍一咬落口係冰，成餐飯得台啤係正常，奉勸大家去隔離兩間鮮字頭好食勁多，，點七道菜不是沒熟就是沒有味道大腸咬不開、苦瓜很硬、飯也沒煮熟連生魚片都沒有退冰快炒可以做到這麼難吃的只有這間只有台啤是正常的，，Superawfulfood,wehaveordered7dishes…","大腸,c?米飯,c?苦瓜,c?啤酒,b"
34,環境不錯，薑母鴨並不特別出色,"薑母鴨,b"
35,就像日本的居酒屋。，我認為價格便宜，食物也很好吃。解碼訂單表很困難。我對只喝啤酒酒精有點厭煩。，但是建議那些想要享受當地氣氛的人使用。，，,"啤酒,c"
36,脆皮大腸不太脆，蔬菜蠻甜的，薑汁炒大腸份量蠻多的，座位有分抽菸禁菸區還不錯。,"脆皮大腸,c?蔬菜,a?薑汁炒大腸,a"
37,實惠平民快炒,"熱炒,a"
38,海鮮和傳統台灣美食可供選擇，當然是聚會，情侶，家庭或慶祝活動的地方。，，,"海鮮,b"
39,剛開始出餐很快，但不知為何最後越來越慢...，魷魚螺肉蒜湯太鹹...喝半碗就不敢再喝了,"魷魚螺肉蒜湯,c"
40,這區來說算三顆星的熱炒,"熱炒,b"
41,算是平價的熱炒，上菜還算快，份量中等!口味就一般的熱炒，比較特別的是還有烤物可以點!,"烤物,b"
42,在老皮嫩肉(煎豆腐)竟然吃到一隻蒼蠅！雖然店家沒收這道菜的費用，但想到已經下肚一半，就感到作嘔...,"老皮嫩肉,c"
43,蒜泥白肉好吃、CP值高，，,"蒜泥白肉,a"
44,過年期間來用餐，味道很普通，五更腸旺沒放大腸，調味料也沒加，點餐過來50分鐘只上一半，不推,"五更腸旺,c?大腸,b"
45,東西一般般...蛤蠣都事沙...,"蛤蠣,c"
46,熱炒好吃,"熱炒,a"
47,星期天我去吃午飯。，我很緊張，因為它很響，但我很樂意隨便吃美味的菜餚！，特別是三杯是不可思議的！，，,"三杯,a"
48,就熱炒店,"熱炒,b"
49,雞腿捲不錯，甘蔗雞的做法;宮保雞丁有花椒的香氣;羊肉超腥,"雞腿捲,a?甘蔗雞,b?宮保雞丁,a?羊肉,c"
50,海鮮雖然新鮮服務也不賴，但是風味上略不滿意,"海鮮,a"
51,長安東熱炒區算美味的店，熱炒跟燒烤的菜色都不少,"熱炒,a?燒烤,a"
52,真的沒吃過這麼難吃的快炒,"熱炒,c"
53,我要蝦的XO錦醬和牛蒡天婦羅，但它根本不好吃。，我沒有品嚐任何蝦。蔬菜只是稍微好吃。牛蒡天婦羅不是鹽，而是加了糖。，儘管我試圖自己調整口味，但桌子上沒有任何調味料。，到目前為止我已經進行過5次了，但它一直都很美味，但這一次並不美味。，，,"XO錦醬蝦,c?牛蒡天婦羅,c"
54,就是熱炒,"熱炒,a"
55,"菜色普遍都還好,宮保雞腿丁吃起來口感、調味都很奇怪,四季大腸剛吃還可以,不過不知道為何調味超級鹹,多吃幾口嘴巴就乾到不行,整體來說有點雷,週邊有更好的選擇。","四季大腸,c"
56,純喝酒的地方，料理就只是下酒菜。,"酒,a"
57,份量還蠻多的，口味不錯，不過烤豆皮有點發酸，換了新的一份吃起來則說變成軟爛，完全沒有香酥口感，算是比較雷的一道菜,"烤豆皮,c"
58,上菜非常快，看完pos單發現只過了五分鐘。，菜點了6道全都是溫的，宮保雞丁炸完才炒，口感很乾、蔥爆牛肉溫的、炒豬肝很硬、炒水蓮溫的。，最扯的就是椒鹽田雞，端上來滿滿薯條，整盤都冷的，大概已經炸好很久了，整塊肉都是沒什麼肉，連薯條都冷的！可以端出這種菜的店算是蠻不在乎客人的～，，極度不推,"烤豆皮,c?宮保雞丁,c?蔥爆牛肉,c?炒豬肝,c?炒水蓮,c?椒鹽田雞,c?薯條,c?肉,c"
59,店內挑高、二間大店面分隔吸煙跟非吸煙區，服務態度很好，桌與桌間隔寬敞，以快炒店標準非常好。有快炒、燒烤、現點海鮮可選，高、低價位都有，菜色份量夠，傳統口味有驚喜到，好吃。,"熱炒,a?燒烤,a?海鮮,a"
60,都幾好，除開時令海鮮，都不算太貴啦,"海鮮,c"
61,熱炒？菜都不熱,"熱炒,c"
62,水煮牛肉160，鳳梨蝦球160，空心菜80，糖醋排骨100，，很好吃,"水煮牛肉,a?鳳梨蝦球,a?空心菜,a?糖醋排骨,a"
63,很生氣一個莫名穿圍裙疑似老闆娘的大嬸，重點是連菜單價格都還沒看過，就一直在那邊強迫推銷點菜，迫於無奈點了她力推的「金沙軟絲」，後來上菜整個傻眼，份量超少味道也普普，根本就鹹酥雞攤炸魷魚加鹹蛋，重點是一盤650!!!!!!!!!!!!!!!超級傻眼!!後來要找那個老闆娘理論竟然給我神隱，還好沒有耳根子軟讓他隨意給我們點個什麼「蒸魚」，看菜單一看竟然也要800，要坑人也不必這樣吧，估計以後不會再去了，奉勸大家有人勸點菜之前，菜單看清楚，別當冤大頭!,"金沙軟絲,c?鹹酥雞,b?炸魷魚,b?鹹蛋,b?蒸魚,c"
64,分吸煙跟非吸煙區，很棒，還有燒烤可點，上菜又快，好吃且平價，還有喝啤酒比賽哦！,"燒烤,a?啤酒,b"
65,伊洛伊洛很好吃。，，,"伊洛伊洛,a"
66,我去參觀台灣魚。新鮮的魚襯裡，海鮮鍋和烤豆很好吃，我的叔叔的工作人員很友好，但年輕的工作人員不友好！叔叔工作人員5星級台灣煙草煙霧，，,"魚料理,a?海鮮鍋,a?烤豆,a"
67,這是一家總是去這個社區的海鮮酒吧的商店。我從未吃過魚，但我喜歡在這裡煎肝。此外，還要求炒三文魚醬，蛋黃炒雞蛋，炒客家話等。台灣生啤酒（瓶子）喝酒時最好吃。還有許多日本客人。，，,"海鮮,a?魚,a?煎肝,a?炒三文魚醬,b?蛋黃炒雞蛋,b?炒客家話,b?啤酒,b"
68,"菜都吃完,白飯都還沒煮好，火候不夠,菜不好吃，連皮蛋&鳳梨都很難吃，目前吃過最難吃的熱炒店","米飯,c?菜,c?皮蛋,c?鳳梨,c"
69,料實在，熱炒類都很不錯，酥炸龍珠很好吃,"酥炸龍珠,a"
70,像肉餃子和花生醬這樣的東西實際上是“Ryuuhana”，它們用章魚口粉包裹並炸製。下一個鄰居吃得好吃，所以點菜，好吃！彩虹是“18田台灣生酒”，裝瓶啤酒於18日到期。我通常不賣它，但味道與普通啤酒有很大不同！！即使我不喝啤酒，我通常也會為兩個人喝多達4個人。，，,"肉餃子,a?花生醬,a?章魚嘴,a"
71,分吸煙區很棒，但是絕對不能點隱藏菜單，那就是真的該被隱藏的菜單，又難吃又貴，190的金錢蝦餅吃起來比鹽酥雞裡面50元的金錢蝦餅難吃,"金錢蝦餅,c?鹽酥雞,b?金錢蝦餅,c"
72,天氣炎熱，啤酒會繼續下去！️，，,"啤酒,a"
73,這邊熱炒店林立，這間跟隔壁的熱炒算是最常來聚餐消費的(因為各有擁護者)！，菜色口味我個人覺得七成以上不雷！，倒是跟隔壁同可以叫的薑母鴨我覺得失望。，寫的比霸味還霸味，可能是我台北新北薑母鴨名店常吃吧。覺得他們的普通......，但是熱炒菜色我覺得可以。，環境也不髒亂。，四顆星，我會持續來的店家！監督你們，呵呵,"熱炒,a?薑母鴨,b"
74,熱炒菜色不錯、收費適宜，晚上想喝一杯的好去處！,"熱炒,a"
75,雖然它是一家普通的台灣酒吧，但啤酒的種類和數量可能會高於其他商店！，我認為店內也很寬。，，,"啤酒,a"
76,味道尚可，並無特別突出之處，但是也不會難吃，大致上可放心點餐。，.，餐點擺盤上看得出來有想過，並不是吵完便直接上菜，有稍作擺盤和配色，這點比起以往吃過的快炒店出色很多，.，單一餐點的份量偏少，多人前往用餐的話，建議多點幾道菜。，.，店內有人抽煙，店家並未制止，放任顧客室內抽煙，影響到其他顧客在室內用餐的權益。,"熱炒,a"
77,它在中午全開放。，蝦和貝類也是合理的。，，,"蝦,a?貝類,a"
78,菜都一點點不如在家吃,"菜,c"
79,薑母鴨薑母味道不重（不能跟專賣薑母鴨店比），但鴨肉很多。口味不錯，服務好，重視桌面清潔。,"薑母鴨,c"
80,我去看了指南書。，戒菸和吸煙的入口不同，用餐可以在乾淨的空氣中進行!!，推薦沙丁魚是生魚片。，請一定嘗試吃。，，,"沙丁魚生魚片,a"
81,就是愛熱炒,"熱炒,a"
82,環境不錯，餐點多元，服務普通，第一次聽到，薑母鴨湯頭沒薑，要要自己買,"薑母鴨,c"
83,熱炒，朋友聊天好去處,"熱炒,a"
84,這是便宜又美味的台灣餐廳。台灣學生推薦啤酒，但像照片一樣漂亮的姐姐會出售他們的品牌，，,"啤酒,a"
85,普通熱炒店，有些菜有點不夠入味，吃粗飽還可以,"菜,c"
86,美味的魚是新鮮的！有很多選擇！，，,"魚,a"
87,這是最好的，瓶裝啤酒80元起，還有日式菜單，它從中午11:30開始，，,"啤酒,b"
88,無論我吃什麼，都美味可口，因為新鮮是生命，所以可以喝第18杯台灣啤酒，並帶一點甜味，同時品嚐清淡的味道。我訂購了三件物品，但如果是一次性使用，一件物品要多一些。除了牡蠣味蝦以外，我都吃過。如果兩餐足以吃一頓飯。，，,"啤酒,b?牡蠣,b?蝦,b"
89,便宜又豐盛的商店。因為是熱烤，所以可以代替白米飯。，，,"熱炒,b?米飯,b"
90,白米飯起價為每盤TWD100左右，是自助服務且免費！，即使兩個人有兩個啤酒，也要花費550TWD！這是許多日本人駐紮的地區，所以這裡也有日式菜單，非常方便。，，,"米飯,b?啤酒,b"
91,菜都冷的⋯上菜很慢⋯⋯，，,"菜,c"
92,建泰兄的表弟開的，菜很好吃,"菜,a"
93,有熱炒有燒烤~,"熱炒,b?燒烤,b"
94,喜歡快炒，是不錯的店。,"熱炒,a"
95,(由Google提供翻譯)黃瓜炒菜80元（不足300日元）羊肉沙茶100元（約350日元）烤蛤lam180元（約630日元）津見煮牛肉160元（約560日元）和4杯啤酒320前？（約1200日元），我和朋友們一起吃過上面的東西。所有這些都很好吃，數量太多。每人大約1500日元，所以笑聲不會停止。如果我習慣了，我認為起初比較薄的台灣調味料就可以使用。…,"黃瓜炒菜,a?羊肉沙茶, a?烤蛤蠣,a?津見煮牛肉,a?啤酒,a"
96,剝皮辣椒雞湯有驚艷到～，其他菜色大部分都穩穩的，炒苦瓜不太行，包廂不能調冷氣溫度也很可惜(只有開或關,"剝皮辣椒雞湯,a?炒苦瓜,c"
97,食物很好吃，價格也很好。台灣18啤酒，，,"啤酒,b"
98,朋友都覺得菜做的不好,"菜,c"
99,美味又實惠。但是，鷹嘴裡沒有吃炒飯，，,"炒飯,b"
100,便宜又美味的年糕，，,"年糕,a"
101,不錯吃，只是鹽酥龍珠有點炸太乾,"鹽酥龍珠,c"
102,店面很大，據說分成吸菸區與非吸菸區這點不錯，環境算乾淨，冷氣也很足，但以大台北市地區的熱炒店來說，菜色種類很多，無奈點的幾道菜口味很一般並無特別的亮點，炒螺肉給的料不多、薑絲大腸過酸，蔥爆牛肉爆的沒入味，其他品項也一般般。，，店家也有提供燒烤肉串等品項，但是燒烤的功力需要加強，點了牛小排與雞肉串等等應該都是抹了奶油去烤的，抹奶油是沒問題，但似乎抹過頭了，吃起來都是奶油味而吃不到肉的香甜。，，價位稍高了點，可能是附近蠻多日本觀光客所致，不會再訪。，，環境：8/12，口味：5/12，服務：6/12，地點：7/12，價位：5/12，小路評價：6/12,"炒螺肉,c?薑絲大腸,c?蔥爆牛肉,c?燒烤,c?牛小排,c?雞肉串,c"
103,食材尚可，口味較重，白飯吃到飽。，單點不算便宜，但三五人一起去，蠻划算的。，，就很一般的熱炒店面。,"米飯,b"
104,宮保皮蛋不錯吃,"宮保皮蛋,a"
105,普通，唯一方便就是中午想吃熱炒有得吃,"熱炒,b"
106,長安東路熱炒一條街，99元熱炒，選擇性多，消費便宜，是晚上吃夜宵喝啤酒的好地方。,"熱炒,b?啤酒,b"
107,每道菜都很適合搭配啤酒。，啤酒自己放入冰箱，空瓶子裝在空瓶子裡。，當你要求米飯並從頂部吃它時，麻婆豆腐真的很美味。，我推薦這家餐廳，因為它很受當地人的歡迎，，,"麻婆豆腐,a"
108,快速的服務。油炸的食物非常好。嘈雜和凌亂，但提供的食物很棒。它就像一隻炸雞。，，,"炸雞,b"
109,我已經厭倦了繼續在夜市吃罐裝啤酒，所以我想要一個小酒館，我可以坐下來慢慢喝。我的一位朋友建議當地人經常使用它。，它也發表在指南書中，不少日本人看到了它。店員也很善良，她把它翻譯成日語，告訴我她有話要說。還有日式菜單。，這種飲料是一種適合自己的風格。所有你可以吃白米飯←台灣酒館似乎幾乎是這樣。，價格相對便宜，所以如果你錯過了小酒館。，，,"啤酒,a"
110,上菜速度快，糖醋魚，薑絲大腸，小卷不錯吃，上菜太急不小心掉一塊排骨酥，直接再送一盤，讚，態度上值得五顆星,"糖醋魚,a?薑絲大腸,a?小卷,a?排骨酥,a"
111,我在4天的旅行中去了4次，但我在這裡去了兩次。這是一家餐廳，您可以放心口味和工作人員。在你走的任何地方看起來都沒用的臭豆腐是這裡的第一個挑戰！畢竟我能吃完飯。吸煙者也沿街有煙灰缸，所以我們建議在入口附近有一個座位。，，,"臭豆腐,a"
112,週五夜晚人潮眾多，特定的菜色好吃，如：清蒸石斑、炒山蘇、炸臭豆腐，其餘一般,"清蒸石斑,a?炒山蘇,a?炸臭豆腐,a"
113,這裡除了苦瓜可能不新鮮很臭外，其它都很棒，下次來不要點苦瓜就好,"苦瓜,c"
114,長安東路熱炒店口味的前三名環境的維持要再努力煎豬肝、miso魚湯、蝦球都很好吃,"煎豬肝,a?miso魚湯,a?蝦球,a"
115,菜品美味，啤酒冰涼,"啤酒,a"
116,日本菜單可以帶給店員。，飲品可以從冰箱中自由飲用。，我推薦炒飯。，，,"炒飯,a"
117,菜單第一道“蝦味鮮”非常下酒！冷了也好吃！,"鮮味蝦,a"
118,位於HayashimoriNorthRoad南側的台灣居酒屋（熱炒），日本商店聚集在那裡。，您可以享受台灣的味道。，你可以吃鮭魚。，有許多台灣海鮮居酒屋與這個區域相似，但菜單相似，味道幾乎相同。，我沒有贏，但吃生貝類需要你自擔風險。，，,"鮭魚,a"
119,這是台灣酒吧“HotFri”的著名商店。下一張桌子也是一個日本組（笑）。商店的氣氛活潑，非常好。這家商店分為禁煙和禁煙，這是好的。工作人員也很脆，食物很快。我吃了3道菜，非常好吃。白酒只是啤酒，您可以從大冰箱中獲得您最喜歡的啤酒和果汁。米飯就是你可以吃的。有一種冷凍酸奶，有很多人未經許可就吃它，所以它似乎是免費服務。有這麼多團體，所以我感到有點孤獨。如果你是兩個人，沒有問題。我認為這是台灣“熱炒”第一次體驗的最佳商店。，，,"啤酒,a?米飯,a?冷凍酸奶,a"
120,菜不錯，可以盡情的喝酒，但酒後不要開車,"菜,a"
121,當天吃到蚵仔有一點酸味，其他菜色還不錯,"蚵仔,c"
122,去台北時，一家商店破爛不堪。周圍有熱烤肉，但是有許多商店的店員有些懶惰，所以我喜歡店員運作良好的地方。提供日語菜單。僅現金。烹飪，又大又便宜，所以每個人都喜歡共享嗎？我是一頓完整的飯，可以抽煙（在紙杯中喝水）。炒炒苦菜被啤酒弄得一團糟。攪拌生薑和生薑。牡蠣薯條比日本小，但也很美味。此外，還有野豬串和豬肉血串。，，,"牡蠣,c"
123,位長安東與林森北附近，冷盤、海鮮、各式肉類、蔬菜等等，菜色豐富種類多，價格大眾化，有供應各式啤酒，白飯任吃，服務速度快，矮桌矮椅頗有古式味道，是好友相聚喝兩杯的好地方。,"米飯,a?啤酒,a"
124,員工服務態度好，熱炒來說CP值還蠻高的～～，份量都不小人多會比較好點菜喔！！,"熱炒,a"
125,服務人員很熱心就算很忙態度也還是很好，菜很好吃香氣十足很下飯，跟朋友聚餐首選這裡,"菜,a"
126,牛奶火鍋陪蟹，湯好喝。,"牛奶火鍋陪蟹湯,a"
127,上菜速度快，味道不錯，熱炒100可以啦,"熱炒,a"
128,熱炒味道佳，消費平價，餐敘小酌理想的好所在,"熱炒,a"
129,3星，因為我晚餐不吃海鮮，姜大腸和空心蔬菜很美味，所以我會再來，，,"海鮮,c?姜大腸,a?空心菜,a"
130,台中好友來台北，特別訂了這件超難訂的熱炒店，即使是要好幾天前預定，也要請朋友吃好料。值得推薦的菜有燒烤松坂肉、生魚片、魚卵沙拉、韓式泡菜牛肉、招牌煎豬肝、宮保皮蛋、老皮嫩肉、烤香魚、鵝肉、九層塔炒牛肉...等都相當好吃。,"燒烤松?肉,a?生魚片,a?魚卵沙拉,a?韓式泡菜牛肉,a?招牌煎豬肝,a?宮保皮蛋,a?老皮嫩肉,a?烤香魚,a?鵝肉,a?九層塔炒牛肉,a"
131,老闆和老闆娘很親切廚師手藝好煮的菜很好,"菜,a"
132,上菜快速，口味還好，宮保皮蛋好吃，糖醋雞腿的鳳梨味道很微妙其他不錯，鐵板豆腐有乳馬林的味道很夜市牛排還有種梅子粉的感覺（？，三杯中卷的三杯醬不錯中卷口感不好，大致就是平價,"宮保皮蛋,a?糖醋雞腿,b?鳳梨,b?鐵板豆腐,a?夜市牛排,a?三杯中卷,a"
133,點了幾道菜，客家小炒：醬汁味道不夠重，辣的比例比較多，章魚只有幾根，豆乾感覺只是起鍋前丟下去拌一拌，太軟，，糖醋排骨：味道不夠酸，番茄醬可以少一點，醋多一點，不然是一道很下飯的料理，，五更腸旺：鴨血沒入味，沒味道，腸子有怪味，會讓人想反芻，不夠新鮮，也導致醬汁味道跑掉，，鮮魚味增湯：原本很滿意，湯頭好喝，味道不錯，魚也好吃，可惜吃到後面，豆腐竟然是酸的，可惜了，，食物品質還需要加強，味道也需調整，價格在那區段算合理，服務以熱炒店來說算OK,"客家小炒,c?章魚,c?豆干,c?糖醋排骨,c?五更腸旺,c?鮮魚味增湯,c"
134,不是很合胃口，只有冷筍稍微好一點,"冷筍,a"
135,咖哩丼飯好吃,"咖哩井飯,a"
136,台北車站新光三越商圈可以吃到如此便宜又有料現炒現煮的羊肉燴飯或炒飯，以及什錦湯麵，讚！！這裡常常爆滿，附件補習班學生的最愛！！,"羊肉燴飯,a?炒飯,a?什錦湯麵,a"
137,炒飯不錯，但是內用也用免洗餐具,"炒飯,a"
138,桌子我用溼紙巾擦之後是黑的...丼飯好鹹喔...💧不過也因為這樣所以價格是平價的,"井飯,c"
139,不推薦茄汁豬肉炒飯，炒的有點過鹹、醬加太多，料有點少。但65元而已。,"茄汁豬肉炒飯,c"
140,"蝦仁咖哩燴飯好吃又便宜65元算還不錯不過用餐環境不好,推薦帶走","蝦仁咖哩燴飯,a"
141,海鮮炒飯料多實在適合簡單一餐,"海鮮炒飯,a"
142,大概三年前吃量都很多，便當盒是裝滿的，而且還可以免費加飯；但是最近來吃，份量少的很誇張0.0，點的是羊肉炒飯，以下照片都是還沒吃過的樣子，隔壁50元炒飯量都比它多。，，不過味道還可以就是了～,"羊肉炒飯,b"
143,人多，但取餐快。，但炒飯不推，加了三色豆，葡萄乾，肉鬆，還賣那麼貴。，以這樣配料跟價格65元不推。,"炒飯,c"
144,CP值高！好吃！海鮮炒飯好吃，鳳梨炒飯好吃,"海鮮炒飯,a?鳳梨炒飯,a"
145,外帶，海鮮炒飯，米飯粒粒分明，味道依舊美味，只是份量有變少，還看的到盒底，以前外帶炒飯的盒子都會鼓鼓的，吃的超滿足。,"海鮮炒飯,a"
146,先說，炒飯還不錯吃！但下次不會在去消費！，結帳中年婦人態度極差！，近期某天去用餐，有位學生妹妹不小心打翻食物，眼看食物熱湯有淋到她身上！當時你要妹妹先幫你清地板，這是ok的但當她要接你手上的抹布時你卻直接丟地板上，你口氣也不好責問她怎麼翻倒的！她是不小心的又沒潑到你！何必這樣？,"炒飯,a"
147,漲價了~多數餐點變70元，雖然還是不錯吃。炒飯份量足，肉和菜頗少，優點是出餐速度快，適合外帶和晚上臨時想吃個東西,"炒飯,b"
148,炒飯味道入味，份量多，師父都很親切，服務好。吃過很多家炒飯，這家最好吃。,"炒飯,a"
149,呃⋯看很多好吃的評價，呃但我點蝦仁炒飯沒什麼味道，完全不懂是哪裡好吃，剩一堆無法下嚥。,"蝦仁炒飯,c"
150,便宜、好吃、cp值高。炒飯粒粒分明不會過油。，標準的平民餐點。,"炒飯,a"
151,炒飯便宜好吃還有附湯,"炒飯,a"
152,蝦仁炒飯！蝦仁好多，CP值滿高的👍，想吃飽歡迎來這家^_^,"蝦仁炒飯,a"
153,"可以吃到好吃的炒飯,炒麵和燴飯的地方。","炒飯,a?炒麵,a?燴飯,a"
154,飯！裡！面！有！煙！蒂！不！只！ㄧ！個！，不知道我是不是點了煙蒂炒飯！,"炒飯,c"
155,炒飯好吃,"炒飯,a"
156,丼飯的飯都是硬的不知道放了多久有夠難吃,"井飯,c"
157,炒麵裡居然放木耳，差評,"炒飯,c"
158,豬肉炒飯，特價60/份，粒粒分明，鹹香夠味，但略油,"豬肉炒飯,a"
159,什錦鍋燒油麵好吃,"什錦鍋燒油麵,a"
160,鳳梨炒飯裡面有葡萄乾還有火腿還有肉鬆，根本就夏威夷炒飯，超好吃。,"鳳梨炒飯,a"
161,我期待正常版的鍋燒意麵。他們家的什錦鍋燒麵裡有一堆香菇花椰菜豆芽菜還有一點點的蛋花，滿滿的香菇味！點餐人員嚼著檳榔，檳榔渣一邊講話一邊掉出來。,"什錦鍋燒麵,b"
162,咖哩飯很香，份量夠~而且醬才70元，以北車周遭來說滿難得的.......,"咖哩飯,a"
163,鳳梨炒飯普普通通，，什錦烏龍麵普普通通，，南陽街這邊一堆好吃的，，這價位在這邊絕對不是首選,"鳳梨炒飯,b?什錦烏龍麵,b"
164,羊肉燴飯加了竹筍香菇豆芽菜花椰菜，很不搭欸，都不知道在吃啥了,"羊肉燴飯,b"
165,炒飯好吃但卻沒冷氣有沒有搞錯,"炒飯,a"
166,採用外櫃台結帳店內櫃檯依燈號取餐的方式。，選擇多樣，炒麵粒粒分明。內用或外帶皆採自助模式。,"炒飯,a"
167,炒麵裡有頭髮，請店家換了之後口氣也不好再不乾淨也不是這樣處理的吧。,"炒飯,c"
168,丼飯還不錯，學生價有找，炒飯也不錯，有很多選擇。號碼牌取餐，因為速度很快，對趕時間的人是個很好的選擇。,"井飯,a?炒飯,a"
169,羊肉炒麵好吃，很多人外帶的店,"羊肉炒麵,a"
170,炒飯、炒麵便宜的價格供應給附近補習的學生，還有附湯。，，比較重口味，用餐時間很多人排隊。,"炒飯,a?炒麵,a"
171,羊肉炒飯超好吃,"羊肉炒飯,a"
172,如果喜歡炒麵是有汁的，八芳會是新光三越附近不錯的選擇，，價格平價出餐速度快速，份量足夠也不擔心外帶會變乾炒麵，，雖說服務態度不是非常好，但基本上點餐取餐過程不到幾分鐘，，目前只吃過炒麵，未來有機會將會嘗試炒飯,"炒麵,a"
173,如果要很餓又要趕補習班他會是個好選擇，點羊肉燴飯不知道料是怎麼挑的還有竹筍跟豆芽菜雖然拍的很難吃but還不錯啦，中規中矩優點就是份量大選擇多送餐速度快，不過建議外帶因為內用會有很多人在旁邊等順便看著你吃😌,"羊肉燴飯,a"
174,今天去買最後一次了，之前看裡面的廚師都不戴口罩講話又超用力就算了，今天又發現他們吃檳榔又蹲在下面抽煙，真的是瞎到爆，然後輪到我的炒飯時兩個師傅在我的飯上面吵架！我現在可能是心理因素吃到胃抽筋了…,"炒飯,c"
175,平價分量足，味道也不錯，我只吃炒飯系列，燴飯對我來說太鹹，算是補習班附近學生族好選擇。,"炒飯,a?燴飯,c"
176,炒飯好吃點的是茄汁豬肉炒飯，價格合理～，想簡單吃可回訪,"茄汁豬肉炒飯,a"
177,在車站附近的米粉店不太貴的地區，這是一家炒米粉店。還有中國炒麵。有類似咖哩的東西。炒飯大概60-70元左右，夠了！，，,"炒飯,a"
178,白天是早餐店，中午賣炒飯、丼飯、燴飯、炒麵、湯麵。，早餐在北車這附近來說很平價，又有超值套餐可以選擇，超值套餐只要50元。，我最常吃漢堡+紅茶只要50元、火腿蛋+紅茶只要40元，有別於其他台北市其他地方早餐店，點一點都要60～70，對在北車這邊的上班族來說會是很好的選擇。，中午就開使賣炒飯類、炒麵類、燴飯類，很多的樣式可以挑選，豬肉炒麵、豬肉炒飯只要60元。，其他的就看菜單上的價錢，如果你很餓，又想吃便宜，又想吃飽的話，這家會是個好選擇。…,"豬肉炒麵,a?豬肉炒飯,a"
179,最喜歡鳳梨炒飯加辣。價格實惠。菜色多,"鳳梨炒飯,a"
180,丼飯味道合格而且菜滿多的，加上海帶蛋花湯喝到飽，70元完全可以天天吃,"井飯,a?海帶蛋花湯,a"
181,點了牛肉炒飯70元，飯炒的還可以，但肉我覺得沒有到很好，不過份量算多，內用位子大概6、7桌，有湯可以使用,"牛肉炒飯,b"
182,📍回訪次數：10次以上，愛上他的湯，可以說為了他的湯來吃🥰，不論是炒飯或炒麵份量跟料都超實在，旁邊還有辣蘿蔔可以加一味！，出餐速度也很快！，外帶回去麵也不會爛掉，而且又平價👍👍👍,"炒飯,a?炒麵,a"
183,出餐快送、準確…，喜歡點牛肉炒飯、泡菜牛肉丼飯,"牛肉炒飯,a?泡菜牛肉井飯,a"
184,羊肉炒飯好吃，較不喜歡燴飯,"羊肉炒飯,a?燴飯,b"
185,text,dish
186,鱸魚湯好喝，老闆上菜速度快,"鱸魚湯,a"
187,海鮮炒麵大盤100$，炒麵好吃又大碗，調味適中美味，海鮮新鮮也很有嚼勁，一大盤吃超飽才100元，而且營業到很晚，宵夜最佳選擇👍,"海鮮炒麵,a"
188,平價味道好，很適合三五好友下班小酌。炒麵很夠味、用料很大方,"炒麵,a"
189,鱸魚湯好喝，鱸魚肉很厚，新鮮又甜，麻油腰花鮮嫩好吃無異味，炒飯鬆鬆香香也可圈可點，吃完身體暖暖的，好吃😋,"鱸魚湯,a?麻油腰花,a?炒飯,a"
190,手藝真的好，味道真的讚，本來以為我家附近的也算好吃，但吃了紅燈籠的才知道更好吃，每次來都一定要先點什錦湯麵XD,"什錦湯麵,a"
191,很好吃而且價格合理。蒜泥蚵仔份量實在肉絲炒水蓮清爽不油乾煎虱目魚肚附檸檬跟胡椒鹽鱸魚湯有整個魚頭跟魚身肉料多味美。跟老闆娘要的一碟生辣椒醬油夠味又夠辣！餐具也都有清潔乾淨。老闆娘很親切。雖在路邊所以用餐氣候環境較不理想，但好吃的菜肴仍值得常來。,"蒜泥蚵仔,a?肉絲炒水蓮,a?乾煎虱目魚肚,a?鱸魚湯,a"
192,好吃又便宜，不油膩，鱸魚湯讚,"鱸魚湯,a"
193,紅燈籠令人訝異得好吃！，老闆手藝很好，炒飯粒粒分明香氣十足，三杯雞入味不膩口，炒水蓮爽口又能勾出食材本身的清甜，調味不走一般快炒重鹹路線，除了路邊用餐環境不佳外，我個人給予很高評價。,"炒飯,a?三杯雞,a?炒水蓮,a"
194,炒飯海鮮粥很好吃,"炒飯,a?海鮮粥,a"
195,從學生時代到現在非少女時代，我的青春熱炒店，海鮮新鮮，炒飯就是大火炒好吃，還有親切的阿姨老闆娘，木訥寡言厲害的熱炒高手老闆，從學生上班族長輩聚餐，全齡客群皆有老少咸宜🈵️💖🥣，👍推糖醋排骨炒蛤仔麻油腰子花生龍珠，炒羊肉海鮮炒飯炒蝦⋯⋯每樣都好吃,"炒飯,a?糖醋排骨,a?炒蛤仔,a?麻油腰子,a?花生龍珠,a?炒蝦,a"
196,炒飯很好吃，粒粒分明，都有護氣,"炒飯,a"
197,豬肝湯是超級大地雷！真的沒有吃過那麼難喝的豬肝湯！,"豬肝湯,c"
198,炒飯好吃,"炒飯,a"
199,推薦羊肉炒飯、蚵仔湯、魚蛋沙拉，下班外帶回家配著電視，一整天的勞累就被療癒了～,"羊肉炒飯,a?蚵仔湯,a?魚蛋沙拉,a"
200,虱目魚湯、炒水蓮、羊肉炒麵都非常好吃。列入下次會再來吃的口袋名單🤤,"虱目魚湯,a?炒水蓮,a?羊肉炒麵,a"
201,已經吃了24年了，什錦燴飯依然料多味美，好想給10顆星喔,"什錦燴飯,a"
202,炒飯非常優秀，粒粒分明，鍋氣十足，下水湯非常好喝！,"炒飯,a?下水湯,a"
203,牛肉炒飯量太少了，又很油,"牛肉炒飯,c"
204,炒飯好吃，一極棒~,"炒飯,a"
205,性價比超高！物美價廉！推薦牛肉炒飯、螺肉、魚下巴、魚卵……,"牛肉炒飯,a?螺肉,a?魚下巴,a?魚卵,a"
206,text,dish
207,平價快炒店，口味不錯，用料實在。推薦紅燒牛腩、魚香烘蛋、宮保雞丁。平日上班時間生意很好，若要外帶可電話訂餐減少等待時間。,"紅燒牛腩,a?魚香烘蛋,a?宮保雞丁,a"
208,和園的炒飯真的是神作,"炒飯,a"
209,豆瓣魚好吃,"豆瓣魚,a"
210,經濟實惠的中餐，炒飯不錯,"炒飯,a"
211,"不只有合菜熱炒,還有便當、燴飯、炒飯,是上班族的好朋友。","燴飯,a?炒飯,a"
212,子薑牛肉，蒼蠅頭，炒飯，燴飯,"子薑牛肉,a?蒼蠅頭,a?炒飯,a?燴飯,a"
213,人多吃合菜，人少吃炒飯。味好價廉。,"炒飯,a"
214,蝦仁炒飯還不錯，熱炒也算給力，我最愛的豆干肉絲也還行~，，,"蝦仁炒飯,a豆干肉絲,a"
215,炒飯不錯，不過內用會有些油煙味。,"炒飯,a"
216,吃過排名名列前茅的炒飯!，炒飯不乾不油，剛剛好，又有味道，，又有多樣口味可以選擇。，便當的菜色配菜也樣樣突出，，一吃再吃吃不膩!,"炒飯,a"
217,上菜迅速的老店，炒飯份量大，單點熱炒很夠味，推薦,"炒飯,a"
218,炒飯超級好吃，大學時常常吃這間,"炒飯,a"
219,家常口味好吃，炒飯，便當都讚，速度也蠻快的,"炒飯,a便當,a"
220,便當算這區很實惠的內容,"便當,a"
221,喜歡炒飯，但有點油哦,"炒飯,a"
222,便當是亮點!每道菜都好吃!,"便當,a"
223,平價好吃的快炒店，不過口味稍重，一個人去吃可以點他們的便當。,"便當,a"
224,口味不錯，羊肉量多，炒飯又香，價格實惠，只是有點油。,"炒飯,a"
225,雞肉菜脯炒飯好好吃😍😍😍😍😍,"雞肉菜脯炒飯,a"
226,從小吃到大的餐館，後期推出$75跟$95的川味便當給外食族，大大的加分因此給它5🌟～,"便當,a"
227,這裡的現炒便當非常好吃，廚師手藝到位，人多可以吃合菜，人少便當也可以內用，每道菜都令人回味無窮。,"炒飯,a"
228,大推炒飯,"炒飯,a"
229,在隔壁念書到出社會都記得來吃，便當熱炒都好,"便當,a"
230,"兩個人也不貴～，蝦仁燴飯與牛肉燴飯配龍鬚菜與青菜豆腐湯。，料超多，非常適合家庭聚餐吃熱炒哦！，Twopeoplearenotexpensive~，Shrimprisottoandbeefrisottowithasparagusandgreenbeancurdsoup.，Morematerial,verysuitableforfamilydinnerstoeathotfriedOh!","蝦仁燴飯,a?龍鬚菜,a?青菜豆腐湯,a"
231,善導寺站5號出口，萊爾富斜對面，價格經濟實惠，口味道地，上菜速度快，一道菜大概120左右，最推薦紅燒牛腩，非常下飯,"紅燒牛腩,a"
232,好吃又實在蝨目魚湯超級新鮮，，,"虱目魚湯,a"
233,價格公道，份量足，食材實在的一家小餐館。，痲辣炒臭豆腐很下飯。45元的蕃茄蛋花湯中竟然還加有青菜和磨菇。，，下次還要再來試試別的菜。😋,"麻辣炒臭豆腐,a?番茄蛋花湯,a"
234,要點四季豆麻坡豆腐很多蔥優尼斯人han親切,"四季豆,a?麻婆豆腐,a"
235,有些人可能會覺得太油，但我覺得蠻好吃的蝦仁炒飯80元,"蝦仁炒飯,a"
236,人氣很旺，炒飯燴飯類CP值不錯,"炒飯,a?燴飯,a"
237,以前常外帶這家的便當，菜色偏向快炒口味，吃膩一般自助餐便當話是不錯的選擇！，今天是我第一次內用，點了三鮮燴飯跟番茄蛋湯，這裡的燴飯跟番茄蛋湯一直是我的摯愛，但沒有想到內用的份量也太多了吧！建議食量小的可以合吃一份燴飯了💕,"三鮮燴飯,a?番茄蛋花湯,a"
238,c/p值高。蚵仔湯大推，新鮮。,"蚵仔湯,a"
239,好吃！連白飯都好吃,"白飯,a"
240,路過想說吃點簡單的，叫了盤麻婆豆腐、炒青菜、兩碗白飯跟一碗豬肝湯。麻婆豆腐跟炒青菜還算好吃，但是豬肝湯簡直就是超不新鮮！整個豬肝吃起來有一個味道，也軟軟稠稠的，非常不好！，，實在是非常不好的體驗，以後不會想再吃第二次了！非常糟糕，若有考慮這家店的，真的要三思。，，至少我踩過一次雷後，就打死不想再踩一次了！，非常非常不好,"麻婆豆腐,a?炒青菜,a?豬肝湯,c"
241,2018/11/14再訪：炒高麗菜跟炒菠菜都好吃，不會過鹹過油，很棒~芥藍牛肉也好吃，肉軟好入口，口味不錯；豆酥鱈魚也好吃，青菜豆腐湯清爽，但是我更愛蕃茄蛋花湯。4.2顆星。，，2018/11/12再訪：螞蟻上樹好吃，但是絞肉都是咬不爛的筋，吃起來口感頗差；炒龍鬚菜還不錯，但是是炒豆豉，口味上不太習慣；蕃茄蛋花湯料很豐富，清爽好喝。口味真的很不錯，但是螞蟻上樹的絞肉真的太讓我不舒服了。3.5顆星。…,"炒高麗菜,a?炒菠菜,a?芥藍牛肉,a?豆酥鱈魚,a?青菜豆腐湯,a?番茄蛋花湯,a?螞蟻上樹,a?炒龍鬚菜,a"
242,炒飯，燴飯經濟實惠,"炒飯,a?燴飯,a"
243,雞粒菜脯炒飯好吃,"雞肉菜脯炒飯,a"
244,炒飯好吃，飯粒粒粒分明，蝦仁大顆鮮美，不同的炒飯都有各自的調味，值得再三光顧。家常菜價位稍貴，適合聚餐一起點。,"蝦仁炒飯,a"
245,"推薦吃便當,(便當,燴飯,炒飯...份量大)","便當,a?燴飯,a?炒飯,a"
246,和園炒飯就是猛,"炒飯,a"
247,炒飯超好吃，家常小炒也都不錯，上菜速度快，店內香氣撲鼻，離善導寺捷運站很近，走路5分鐘內。,"炒飯,a"
248,東西好吃!必推辣子雞丁,"辣子雞丁,a"
249,便宜又好吃簡單的便當就可以填飽肚子,"便當,a"
250,炒芥蘭菜有點老，店家推薦菜魚香茄子，菜型水份多到以為自己點錯菜色，味道當然不香！,"炒芥蘭菜,c?魚香茄子,c"
251,蚵仔煎蛋乾扁四季豆yummy，價格便宜但用餐環境不優。，但二次造訪，口味未若之前的水準。,"蚵仔煎蛋,a?乾煸四季豆,a"
252,上菜速度快，份量適中價格平價，推薦炒飯和便當,"炒飯,a?便當,a"
253,中午吃便當與聚餐吃合菜好選擇,"便當,a"
254,平價！炒飯、燴飯、便當都好吃，，尤其肉絲超級嫩～是外面沒吃過的味道！！,"炒飯,a?燴飯,a?便當,a"
255,這家在此地至少有40年以上了，物美價廉，服務親切，雖是台灣口味的川菜，倒也該辣的辣，該鹹的鹹，尤其鱼香肉絲、豆瓣魚...，三五好友在此吃個客飯真比吃便當好多了。有個十年以上未曾光顧想重新回味一下，哇！真個是馮京變馬涼了，肉絲變肉條，刀工都不對了，且裡肌肉有些變味，菜已不是那原該有的，，可口味道，價格又不菲，我以為自己老眼昏花，看看牆上的匾還是侯世宏題字的，沒走錯店啊，真是三十年河東，三十年河西。,"魚香肉絲,a?豆瓣魚,a"
256,紅燒牛腩爆炒杏鮑菇超棒！,"紅燒牛腩,a?爆炒杏鮑菇,a"
257,炒飯好吃,"炒飯,a"
258,踩雷了。。。雖不貴，但口味真的無法再吃一次，點的菜都是牆上菜單推薦，而4樣菜就2樣大大不及格。，×豆瓣鯉魚58分…燒的時間不夠導致魚肉沒入味。，×螞蟻上樹10分…冬粉過爛，肉末豬腥味過重，只吃了一口。，○麻辣炒臭豆腐70分…唯一能推薦的一道。，○蒜味羊肉60分…肉老了些，洋蔥提味不錯，整盤有點乾。,"豆辦鯉魚,c?螞蟻上樹,c?麻辣炒臭豆腐,a?蒜味羊肉,c"
259,單點菜單中的蔥爆牛肉和炒韭黃牛肉，肉質偏柴不軟嫰，晚餐時間人多菜還要等一下，但服務員便宜行事先將白飯拿來放桌上，等第一盤菜上桌來飯都風乾！店內座位雜亂，常因裡面炒菜整間飯館噪音四起，吃飯非常有壓迫感，且用餐出來衣服都沾染油煙耗味，公司在附近來過幾次用餐都不舒適，應該不會再光臨！,"蔥爆牛肉,c?韭黃炒牛肉,c"
260,特別喜歡這裡的燴飯。,"燴飯,a"
261,中午食客相當多，便當有五種，附近上班族最愛，便宜好吃，又快速。,"便當,a"
262,中午的便當簡餐超值超好吃,"便當,a"
263,鮭魚炒飯、雞丁炒飯都夠份量也好吃，廚師效率也很高，儘管有一堆人來買現作便當，還是游刃有餘，真棒！,"鮭魚炒飯,a?雞丁炒飯,a?便當,a"
264,川菜館，有賣合菜便當，大的95，小的好像是80吧~很好吃，一個人真的沒辦法去川菜館吃飯，最多也就只能一碗飯一份菜，在多點肯定吃不完，店家很貼心做成了便當，經濟又實惠，也都是現炒的菜喔，好吃,"炒飯,a"
265,人潮絡繹不絕的好味道😋，（圖片三鮮燴飯，加辣更好吃）,"三鮮燴飯,a"
266,非常驚艷有80元的現做便當，配菜是熱炒的等級，沒有一般便當奇奇怪怪的油味，每天菜色都不一樣，大份又好吃👍,"便當,a"
267,川菜為當地客戶。，麻婆豆腐是唯一一個，但炒羊肉很美味，，,"麻婆豆腐,a?炒羊肉,a"
268,炒飯好吃辣椒很香會再來吃,"炒飯,a"
269,料理快速又好吃，而且80元便當cp值很高，料多味美。,"便當,a"
270,多人前往可以點很多道菜的台菜料理小館。出菜速度超快，很少有需要排隊的機會，（因為大家都可以接受併桌用餐），菜色口味水準中等，以這價位與份量來說，不太會有踩雷料理。，唯一有趣的，是本次用餐點了蟹黃豆腐，但裡頭也出現了蛤蜊與花枝，還有蝦子。,"蟹黃豆腐,a"
271,賣合菜的店但我都去買炒飯，炒飯份量大碗，不能算極品，但算也不錯吃,"炒飯,a"
272,態度良好，環境不髒不油。中餐便當80元有雙主菜兩配菜而且份量佛心。,"便當,a"
273,點了便當、鹹魚雞粒炒飯（加小辣）、青菜豆腐湯，好吃又不貴，炒飯份量很夠！雖然店家舊舊的，但仍保持乾淨整潔。有機會再來試試別的菜！,"便當,a?鹹魚雞粒炒飯,a?青菜豆腐湯,a?炒飯,a"
274,炒飯好吃,"炒飯,a"
275,家常菜，價格便宜，味道也不錯，她們的便當很受歡迎喔!,"便當,a"
276,text,dish
277,和風沙拉150沒什料，一堆洋蔥，超貴!,"和風沙拉,c"
278,喜歡吃炒飯跟什錦炒麵好吃～,"炒飯,a?什錦炒飯,a"
279,平價的熱炒店，，最便宜的菜80元起，，今天點了，，沙茶羊肉80元、，糖醋裡肌150元、，劍筍肉絲80元、，酸菜大腸湯80元，，白飯要另外收錢，，很少有人吃熱炒不配白飯吧？，整體而言，算ok。，，,"沙茶羊肉,b?糖醋里肌,b?箭筍肉絲,b?酸菜大腸湯,b"
280,沙茶羊肉，肉絲炒飯；有免費的像風茹茶的茶喝,"沙茶羊肉,a?肉絲炒飯,a"
281,招牌鵝肉很好吃,"鵝肉,a"
282,熱炒份量不多，炒青菜的份量到是不少。,"炒青菜,a"
283,海鮮真的是新鮮，尤其我最喜歡吃他們店裡現煎的蘿蔔糕，老闆煎到赤赤的，好吃到感動。,"蘿蔔糕,a"
284,室內居然可吸菸！塩酥肥腸肥油超級多而且膩口，其餘熱炒表現普普,"鹽酥肥腸,c"
285,有冷氣可內用，酒促姐姐笑容甜美，菜上得快。五更腸旺又香又辣，紅燒豆腐十分下飯，無論聚餐還是一個人都合適,"五更腸旺,a?紅燒豆腐,a"
286,口味不錯，平價好吃，基本一盤都120元。，推薦炒牛肉（有紹興酒香）和炒脆腸。,"炒牛肉,a?炒脆腸,a"
287,水餃超好吃，老闆娘人也很好,"水餃,a"
288,菜單上宮保花枝150元結帳變200元，，老闆娘說已經漲價好幾年菜單忘記改，都已經漲好幾年菜單還沒改?,"宮保花枝,b"
289,text,dish
290,炒飯尤其好吃,"炒飯,a"
291,熱炒的好店，鵝肉是招牌，必點必吃,"鵝肉,a"
292,真心熱炒的鵝肉是招牌，真的很好吃><推薦,"鵝肉,a"
293,很棒龍珠好吃~,"龍珠,a"
294,鵝肉新鮮好吃，老闆人乾脆人超好哈哈，大推💪💪💪💪,"鵝肉,a"
295,餐點都超合胃口的，尤其龍珠花生炸的剛好很蘇好吃很推薦，從南部上來玩的小確幸，是來台北必去的店！！,"龍珠花生,a"
296,水蓮很好吃cp值不錯,"水蓮,a"
297,生魚片好好吃！，老闆人好好😆還有招待小菜，裡面的小哥很帥欸❤️,"生魚片,a"
298,老闆娘很親切快炒口味多推麻辣中卷,"麻辣中卷,a"
299,晚餐去買炒飯.只見老闆娘拿個鐵鍋.裡面裝著不知什麼時候炒好的炒飯，把外帶餐盒跟鐵鍋交給廚房.廚房把炒飯放到炒鍋撒個蔥花加熱就包給我.，雖然只是個區區70元炒飯.但是做生意不老實.不會再去了,"炒飯,c"
300,我愛蛤蜊湯,"蛤蜊湯,a"
301,真的是太誇張，點了一份椒鹽雞，結果是雞排便當加泰式醬，還不如去隔壁買雞排，一份150，超爛的cp值,"椒鹽雞,c"
302,夜市裡的熱炒店，用餐環境還好，但是食物真的不錯吃，多半會直接買回家。推薦空心菜炒羊肉，豆豉蚵，炒水蓮，泡菜炒牛肉。不過飯1碗10元量有點少。提醒，價格有漲價，不能只看外面的看板，看板是舊價格了。,"空心菜炒羊肉,a?豆豉蚵,a?炒水蓮,a?泡菜炒牛肉,a"
303,CP值挺高的熱炒店推薦xo醬炒絲瓜和炒蛤蜊廚師們的手藝還不錯！老闆有空時會來敬酒老闆人很好👍,"XO醬炒絲瓜,a?炒蛤蜊,a"
304,鮮蚵炒蛋太油，味道失望，椒麻雞可惜不是用雞腿肉，麻婆豆腐失敗，一點都不麻，鹹辣不對，白飯每碗要10元，在熱炒店算滿罕見的要收費，價錢平價，看google評價不差慕名而來，覺得很普通，板橋民權路強強滾熱炒好吃很多。,"鮮蚵炒蛋,c?椒麻雞,c?麻婆豆腐,c?"
305,砂鍋魚頭味美料多，性價比很高，，,"砂鍋魚頭,a"
306,砂鍋魚頭真的大推👍CP值很高，假日客人多砂鍋魚頭要等一下！,"砂鍋魚頭,a"
307,推薦龍珠花生和鹽酥排骨很好的下酒菜👍假日吃飯時間會很多人盡可能避開吃飯時間來,"龍珠花生,a?鹽酥排骨,a"
308,價錢公道必點紅燒魚+豆腐(棒),"紅燒魚,a"
309,炒飯好吃,"炒飯,a"
310,餐點口味不錯可惜白飯煮的很難吃，廁所有點太少一直都是客滿狀態，餐盤有點老舊，用餐時間人聲鼎沸很熱鬧,"白飯,c"
311,廚師的手藝退步了...高麗菜炒的生生的又沒加鹽...傷心,"炒高麗菜,c"
312,上菜速度慢，菜也不怎麼好吃，唯一覺得好吃的是炸蚵仔,"炸蚵仔,a"
313,服務還不錯，帶小孩會主動詢問菜都做不辣，肉炒的不錯，但白飯太乾了,"白飯,c"
314,盤子跟臉一樣大，份量跟拳頭一樣小。，椒麻雞的炸雞就是六十元便當的裹粉雞排。,"椒麻雞,c"
315,4個人點6盤菜，2份炒飯，吃光光。牛肉炒飯、羊肉炒飯入味好吃，海鮮類很新鮮，蛤蜊鮮嫩多汁，麻辣中卷很嫩搭配菜薑片很好吃，脆皮大腸推薦，同桌不吃大腸的人都愛上了。鐵板豆腐也推薦。,"牛肉炒飯,a?羊肉炒飯,a?麻辣中卷,a?脆皮大腸,a?鐵板豆腐,a"
316,"口味還ok,炸豆腐和椒鹽田雞味道不夠重，炒牛肉和炒高麗菜炒麵都好吃，上菜速度快。服務態度很好，會想再訪。","炸豆腐,b?椒鹽田雞,b?炒牛肉,a?炒高麗菜,a?炒麵,a"
317,大推炒飯好吃😋，適合聚聚小酌好地方👍🏻,"炒飯,a"
318,一些含有啤酒的鹹食怎麼樣？這是個好地方！總是忙碌而充滿活力！這個地方超級便宜又好吃！啤酒是合理的70NT或更少！炒蛤蜊是台北最好的！炒飯很有意義！炒牛肉是好的...有點咸我的口味。很多菜都在80-120NT！超級便宜！喝酒的好地方！，，,"炒蛤蜊,a?炒飯,a?炒牛肉,a"
319,我剛剛點了份麻油炒川七120到對面的臭豆腐店吃，想說雖然120貴了點但說不定很多很好吃！沒想到來了份兩口就吃完（真的是兩口）的普通川七！招牌上明明連炒牛肉都才100我點了份炒菜要120而且還給的很小器！！以前吃不會這樣呀！會不會是外面抓菜的大陸阿姨的關係啊！,"麻油炒川七,b"
320,一家熱的烤肉店，配以美味的鵝肉。這種商店不忙，我很難要求，但是這裡的店員很溫柔。，鵝肝在啤酒中炒。，，,"鵝肉,a"
321,在地美食CP值很高，這家鵝肉份量在台北市絕對吃不到這麼多，座位多熱炒店很不錯有廁所但是不太乾淨，食材都不錯鹹味辣味都有到位,"鵝肉,a"
322,食物還蠻不錯，份量很剛好，價錢蠻親和，宮保皮蛋厲害，其他點菜也好吃，唯獨炒高麗菜普通，但回家後身上都是菸味，(頭髮外套),"炒高麗菜,b"
323,兩大一小點了三菜一湯一主食，共570，餐飲好吃，價格合理；店員對小孩子也很照顧。共點炒牛肉、月亮蝦餅、椒鹽杏鮑菇、豬肚湯、炒麵。,"炒牛肉,a?月亮蝦餅,a?椒鹽杏鮑菇,a?豬肚湯,a?炒麵,a"
324,人很多，透抽算新鮮，其他普通，炒牛肉牛肉份量少,"透抽,a?炒牛肉,b"
325,text,dish
326,食物普通、人滿為患。聽哥勸，千萬不要點椒鹽田雞，這道菜感覺是來騙錢的，前面服務生叫妳去後面桌，後面服務生叫妳去前面桌，椅子要自己拿、空盤子要自己收，然後不管你表現得如何客氣，都會被店員擺臉色！服務態度爛到我想翻桌，比學生辦園遊會還不如，真的很不簡單。,"椒鹽田雞,c"
327,服務不好，米飯沒有熟，位子太擠不推,"飯,c"
328,飯沒有熟，位子太小太擠吃起來不舒適,"飯,c"
329,五更腸旺的腸子感覺不太新鮮，咬不太動。基本上就一間交通方便的熱炒店，不過不失。,"五更腸旺,c"
330,5:00左右去用餐沒什麼人，明明是快炒上菜花了快20分鐘然後一次來五道菜下一次上菜也隔了快30分鐘，白飯雖然吃到飽可是很硬，口味也沒有非常特別。蚵仔酥也很乾，炒飯到還不錯。，二訪率：30%,"蚵仔酥,c?白飯,c"
331,好吃！一定要在出發前預約，否則可能需要等待很長時間！我最喜歡的是他們的螞蟻上樹，多麼美味的菜:)，，,"螞蟻上樹,a"
332,"口味不錯,可惜當日吃的蒼蠅頭不好吃,其他都OK","蒼蠅頭,c"
333,帶日本友人去吃，意外的可以接受那邊的臭豆腐，很好吃,"臭豆腐,a"
334,飯鍋打開整個壞掉的酸味菜要等很久,"飯,c"
335,味道有在改變了，沒有以前好吃，三杯中卷沒入味，連最基本的碗底都沒洗乾淨，要找一個乾淨的碗都找不到。,"三杯中卷,c"
336,或許是在深夜人少時來吃消夜才沒讓人碰上網評上餐奇慢的情況，不過在等待第一道菜上來前還是等上了二十幾分鐘；這家在金鋒斜對面的附近唯一一家熱炒店用餐時間總是人潮滿滿甚至還可以在門口排上半小時以上才有位子、就算是訂位了也不能保證訂位時間一到就能馬上入座。，，不過菜色都挺普通、除了炸皮蛋挺不錯以外。,"炸皮蛋,a"
337,場內非常熱鬧，喜歡喧囂的氣氛，不怕吵鬧的人們可以來這邊，享用好吃的料理，每一道都十分美味，搭配啤酒的下酒菜也很棒。，用餐當天隔壁桌拿出生日蛋糕時，店家幫忙關燈播放生日快樂歌時，眾桌人客雖彼此相識，但也開心地一同拍手打著節拍，好不熱情。，推薦水蓮、糖醋魚片、龍珠跟蔥爆牛肉。,"水蓮,a?糖醋魚片,a?龍珠,a?蔥爆牛肉,a"
338,基本上菜色都滿好吃的~~而且非常便宜~所以我只紀錄我覺得有點雷的！，薑絲炒大腸，大腸很難咬爛，而且超級酸！真的是超級酸！,"薑絲炒大腸,c"
339,其實店家炒菜非常好吃，份量也很大，但點的魚湯在最後喝完才發現蟑螂，導致整個非常反胃。。。，店家一開始態度也沒有非常和善，所以給一顆星，但服務人員的態度很好,"魚湯,c"
340,一訪時覺得東西還蠻好吃，二訪覺得喝酒聊天>>>吃飯，可能跟點的菜色有關。大腸很硬，不推、龍珠鹽酥蝦好吃,"大腸,c?龍珠,a?鹽酥蝦,a"
341,人通常都很多菜大部分都很不錯鳳梨蝦球意外受到外國朋友歡迎,"鳳梨蝦球,a"
342,白飯吃到飽，薑絲大腸酸過頭，難下嚥會嗆鼻，喜歡酸的可以試試，其它每道菜都不錯吃,"薑絲大腸,c"
343,網上的評論沒錯菜很鹹很鹹，但不是每一樣!豬肉菜品全部都有豬騷味，且其他菜品上桌時都是溫熱的，不是燒燙!香味差了一半，尤其煎豬肝是放了好些天的材料，出品時又硬又柴難已以下嚥《一盤還180大洋!!》讓我想起了金銀豬肝的口感!讓人不禁懷疑生意這麼好!為何物料會不新鮮?可想見!應是用了次級品填充!且服務人員大部份是外籍人士不識自家店的菜品!不是我本人酸葡萄心態作祟!生意越好不是應更珍惜羽毛嗎？台灣人的錢那麽好賺嗎？只因地處捷運旁之便嗎?列入拒往店家!,"煎豬肝,c?"
344,三杯中卷居然用魷魚代替而且是炒洋蔥，太誇張了，蒜頭九層塔最基本的味道都沒有，砂鍋魚頭火鍋像清湯一樣誇張了，這是火鍋ㄟ，太不實在了，慕名而去，卻是敗興而歸,"三杯中卷,c?砂鍋魚頭,c"
345,烤的牛小排很硬....OTL，，,"牛小排,c"
346,牛肉不推其他CP值高，，,"牛肉,c"
347,鹹蛋炒苦瓜！,"鹹蛋苦瓜,a"
348,不推薦，因為所有菜餚的質量都不新鮮也不好吃。牛肉和烤魚都很臭，而且生薑的腸子吸了很多！，，,"牛肉,c?烤魚,c"
349,地點離地鐵站非常近！除了鹽酥花枝太硬其他我們點的都好吃！,"鹽酥花枝,c"
350,口味不錯的熱炒店，禮拜四晚上也是熱鬧滾滾，對於我們同行愛好香菜外國人士還熱情招待兩盤香菜吃到開心，其服務用心值得嘉獎,"香菜,a"
351,鮮魚米粉好吃！，，,"鮮魚米粉,a"
352,品項：東西選擇超級多樣，價格實惠，白飯吃到飽。，環境：人潮多，建議一定要先訂位，餐點：推薦鳳梨蝦球、炒水蓮、蛤蜊湯。蒜泥白肉的肉片偏肥厚,"鳳梨蝦球,a?炒水蓮,a?蛤蜊湯,a?蒜泥白肉,a"
353,有18天就給讚。上菜速度算快，白飯有點太乾...不能刷卡,"白飯,c"
354,大素食主義者友好的rechoo聯合！一定要茄子！我們應該訂購兩個。麻婆豆腐也很棒！，，,"麻婆豆腐,a"
355,乾麵好吃,"乾麵,a"
356,這是一家普通的熱烤肉店。令人驚訝的是，鯖魚很好吃！，，,"鯖魚,a"
357,點了十幾道菜，沒吃到哪一道驚艷的，三杯雞還過焦，性價比來說，價格小高，東西不多，吉林路的熱炒好吃多了，不會再來第二次！,"三杯雞,c"
358,推薦：蚵仔酥、鹹蛋苦瓜（一點也不苦），好吃,"蚵仔酥,a?鹹蛋苦瓜,a"
359,"看了網評不錯，可是一進去就覺得櫃檯裡的應該是老闆娘，態度不是很好。接下來的餐點某些也覺得扣分。，大明蝦沙拉$220,結果如圖，蝦很小＋這個價位，真的很貴。，川燙鮮蝦$180，蝦也不大，外面都差不多賣150，蝦還比較大。，炒蛤蜊（大又肥）$150,上菜後，跟朋友都笑出來了，一點也不肥不飽滿😢...，純屬個人感覺，有照片，大家自由心證","川燙鮮蝦,c?炒蛤蜊,c"
360,菜好吃，特別喜歡吃老皮嫩肉！氣氛很不錯，很適合跟朋友聚餐,"老皮嫩肉,a"
361,我們11大2小，點了超過20道菜，居然只有清炒高麗菜好吃...泰式海鮮沙拉不甜不鹹不辣又沒什麼海鮮失敗，老皮嫩肉是涼的失敗，肥腸四季豆天阿！只有5、6跟肥腸就算了還很乾硬，連四季豆都不脆...其他的菜就不多說了，自己想像。而且份量還比一般熱炒店的都小，但價格一樣喔～貴森森。…,"清炒高麗菜,a?老皮嫩肉,c?肥腸四季豆,c"
362,非常推薦：生魚片、肥腸、鳳梨蝦球、龍珠，非常不推薦：牛小排、烤雞肉串、豬腳,"生魚片,a?肥腸,a?鳳梨蝦球,a?龍珠,a?牛小排,c?烤雞肉串,c?豬腳,c"
363,"第一次到訪,超級SUPER失望,點了16道菜,只有清炒空心菜(菜能否切一下??)＆鹽酥龍珠&鮮蝦手卷勉強還可以,其他如...，[金莎軟絲]-味道有,但好像在吃橡皮筋/，[三杯雞]-一小鍋找不到一塊肉,還糙灰搭/，[南煎豬肝]-我以為在吃豬肉乾/，[炒蛤蜊]-菜單寫說大又肥,只能說現實是殘酷的/，[鳳梨蝦球]-炸過頭,貝殼裝飾雖然可愛,但邊緣細縫..發霉了/，[菜圃蛋]-只吃二口,會以為是吃到鹽罐嗎??，[皮蛋地瓜葉]-太老無味,…","金沙軟絲,c?三杯雞,c?煎豬肝,c?炒蛤蜊,c?鳳梨蝦球,c?菜脯蛋,c?皮蛋地瓜葉,c?鹽酥龍珠,a,鮮蝦手卷,a?清炒空心菜,b"
364,不錯價位一板但是盤子不大好吃喜歡鳳梨蝦球❤,"鳳梨蝦球,a"
365,來吃過這家很多次了，必點：野菇炒水蓮、蒜苗鹹豬肉、滑蛋蝦仁（家常菜都180元而已，份量其實偏小，一道菜最多五六個人分），豆乾肉絲也炒的很香而且只要120！，其他像是鮭魚生魚片、紹興醉雞雖然好吃但份量少價格偏貴，cp值不太高，然後蒜泥白肉肉很肥很厚，炒空心菜很普通，店內位子雖然很多但客人也是超級多的，就算八九點來還是要等一下下才有位子,"野菇炒水蓮,a?蒜苗鹹豬肉,a?滑蛋蝦仁,a?豆干肉絲,a?鮭魚生魚片,a?紹興醉雞,a?蒜泥白肉,b?炒空心菜,b"
366,我覺得這家就是要會點，好吃的很好吃，不好吃的很雷。，推薦：蚵仔酥（很大盤很酥）水蓮炒野菇（超好吃），蒜苗鹹豬肉,"蚵仔酥,a?水蓮炒野菇,a?蒜苗鹹豬肉,a"
367,薑絲大腸沒熟，其他都還不錯,"薑絲大腸,c"
368,招待大陸來的朋友，在看了一些食記之後，選擇了打咔，吃完了，真是失望也不能形容，掉面子啊！，所有上桌的菜都不是很有鍋氣，快炒就是要吃那股熱鍋氣，但很可惜都沒有。，炒麵沒有香氣，味道很平。三杯雞實在沒幾塊雞肉，還特別的瘦，啃了一嘴骨頭。蚵仔酥超小顆的！超小！炒水蓮調味還是很淡，通常會加點豆豉或是辣椒，然而除了些許蒜末什麼都沒有，還沒有挑掉爛掉的菜梗，入口顯得發苦。…,"炒麵,c?三杯雞,c?蚵仔酥,c?炒水蓮,c"
369,-，（今日餐點），❌滑蛋蝦仁：蝦子不新鮮超噁，❌蒜苗鹹豬肉：肉超少超乾硬，❌脆皮肥腸：乾硬難吃份量少，❌麻辣花枝：花枝真的乾硬得要命，❌金莎軟絲：金莎乾絲吧有夠難咬，🐖薑絲大腸：味道中規中矩，份量偏少，🦐鳳梨蝦球：中規中矩，🐂蔥爆牛肉：不錯吃，🐖蒜泥白肉：蠻開胃，不錯吃，🥬野菇炒水蓮還不錯，🥬炒高麗菜：就高麗菜，🐓串烤雞腿肉：中規中矩，-，餐點大部分都很普通，店內位置超級擁擠、用餐很不舒服。,"滑蛋蝦仁,c?蒜苗鹹豬肉,c?脆皮肥腸,c?麻辣花枝,c?金沙軟絲,c?薑絲大腸,b?鳳梨蝦球,b?牛肉,a?蒜泥白肉,a?野菇炒水蓮,a?炒高麗菜,b?串烤雞腿肉,b"
370,有些菜蠻騙的，像是推薦菜之一的涼拌荷包蛋，就是把荷包蛋放在一堆生菜上，看起來很豐盛，但實際上⋯😅😅，整體來說每樣菜都份量夠、口味重，適合下酒，能吃得很飽，價格也可，不會太貴，但口味一般般。，交通便利，就在捷運中正紀念堂站出口旁。生意很好，座位很多，所以不需要等很久。可能因為附近有中正紀念堂站這個景點，很多外國客人來訪，蠻特別的場景。，如同一般的熱炒店，很吵，但適合一群人聚聚、喝酒聊天。（但說話音量要很大～）,"涼拌荷包蛋,b"
371,一進來一隻大蟑螂在哇沙米爬，，送菜很慢，，送上菜也不是熱的，，薑絲大腸不酸，，脆皮大腸不脆，，貴又小盤，，整個不及格，，一間店連十個十塊也沒有找不開，，真的是有夠爛,"薑絲大腸,c?脆皮大腸,c"
372,"今年最大的雷店之一~，敢叫熱炒店，有好幾道菜端上來竟然都是溫溫涼涼的。唯二比較熱的2道菜都是燒烤類的，點了烤雞腿串跟烤鯛魚下巴，雖然東西是現烤，但是調味跟肉品新鮮度都不行，烤雞腿串肉質怪調味更怪，如果是新鮮腿肉吃起來絕不是這樣，比一些夜市烤肉攤都難吃。烤鯛魚下巴有腥味，但還能勉強吃完，其他的温炒就完全不用說什麼了，因為根本沒資格被評論....，而且他的價錢並不便宜，大多要都是150,180甚至200多的，並不是100元熱炒，2人也吃了1000出頭(沒點酒,飲料,湯)，假如大家平常半夜真的肚子餓想跟朋友聊天喝酒沒什麼選擇來這隨便吃吃喝喝就算，但是千萬不要帶你的外國或外地朋友來，保證你大失面子，還讓人別人對台灣食物留下壞印象，真的~","烤雞腿串,c?烤鯛魚下巴,c"
373,好幾道經典的菜都退步了，例如鹹蛋苦瓜，放超少鹹蛋、幾乎沒有鹹蛋味，整道菜還水水的。炒三杯也是份量超少、味道又不如從前。，，麻油川七、蛤蜊絲瓜、脆皮肥腸依舊好吃。，，優點就是價格實惠，希望不要再繼續退步了，即使生意越來越好，廚房的傳承依然要紮實啊。,"鹹蛋苦瓜,c?炒三杯,c?麻油川七,a?蛤蜊絲瓜,a?脆皮肥腸,a"
374,道地熱炒，生意很好，座位很多，推老皮嫩肉,"老皮嫩肉,a"
375,離教室比較近的吃夜宵熱炒店，平日生意就很好人很多，魚卵沙拉/宮保雞丁/芹菜魷魚，蔥爆牛肉/烤秋刀魚/炒麵，吃完覺得不想再來，108/9/4三2230,"魚卵沙拉,c?宮保雞丁,c?芹菜魷魚,c?蔥爆牛肉,c?烤秋刀魚,c?炒麵,c"
376,態度不佳上菜上錯兩次蛤蜊上來三分之二是空殼煎豬肝豬肝好硬冷氣明明有人在隔壁桌一走馬上關冷氣吃的流汗,"蛤蜊,c?煎豬肝,c"
377,沒吃過這個雷的熱炒，上菜不僅很慢，菜上來還都溫溫的不夠熱，吃了整晚，最好吃的可能是鳳梨蝦球的鳳梨跟水蓮，完全不知道為什麼會有這麼多人吃,"鳳梨蝦球,a?水蓮,a"
378,點了五道菜：魚卵沙拉（魚卵乾硬料又少）、金沙中卷（炸皮硬難咬、根本沒多鹹蛋黃味、最後吃不完）、麻油川七普普通通、麻辣雞胗（太辣沒麻、雞胗乾硬），最後只有酸菜蚵仔湯免免強可以，＂價超所值＂，短時間不會再訪了！,"魚卵沙拉,c?金沙中卷,c?麻油川七,b?麻辣雞胗,c?酸菜蚵仔湯,b"
379,一間不是熱炒的熱炒店，東西都沒有鍋氣，點了十道菜，一半以上都是溫的，蚵仔酥超油還黏一坨一坨的，看到前面那桌剩一堆東西，我就知道不是我的問題了,"蚵仔酥,c"
380,作為mapo豆腐的三杯雞肉和wawa蔬菜真的很好吃，，,"麻婆豆腐,a?三杯雞,a"
381,除了招牌豬腳外，其他無法接受,"招牌豬腳,a"
382,熱炒大部分的菜都很好吃，推炸蚵仔，松阪豬肉，蠻適合朋友聚餐但是有點吵，講話要很大聲....,"炸蚵仔,a?松阪豬肉,a"
383,它靠近蔣介石紀念地鐵站。好食物！我喜歡他們的臭豆腐，，,"臭豆腐,a"
384,－johnPathfinder．約翰探路－，，評等：4星－值得一試，會再造訪。，，餐點口味很棒，店家上菜服務也快，價格也合理。，，2019/10/22再次造訪後補充，很適合朋友聚餐，大聲講話聊天的地方，用餐時段人都很多，建議要先打電話訂位，餐點的種類多元，價格合理，店面也還算乾淨，是可以推薦給國外朋友的道地台灣美食。，，1.推薦老皮嫩肉、椒麻雞，價格合理，而且味道很棒。，2.交通很方便，就算喝了點小酒，旁邊就是捷運，可以順利回家。，3.免費的白飯還可以淋上滷肉汁是很開胃的好選擇喔！,"老皮嫩肉,a?椒麻雞,a"
385,鳳梨蝦球好吃但是我吃完腸胃炎,"鳳梨蝦球,a"
386,不好吃菜又冷冷的椒麻雞只有感覺是炸雞腿。。。。,"椒麻雞,c"
387,人蠻多的，帶日本朋友體驗台灣店XD，還好那天只有兩個人，等一會就有位置了，熱炒都還不錯，豆豉蚵仔跟炒麵Cp值很高，有機會會在去~,"豆豉蚵仔,a?炒麵,a"
388,極度不推薦！沒特別好吃就算了態度還很差！！上菜速度超慢，而且吃熱炒菜居然是冷的，，吃到一半鳳梨蝦球上有很明顯的一隻蟲，招手請店員過來她竟然很明顯翻了一個超·大·白·眼🙄（明明才叫她第一次）氣到寫評論，不懂生意為什麼好🤷🏻‍♀️,"鳳梨蝦球,c"
389,不可點薑絲大腸，詭異的光滑白色而且根本嚼不爛無法吃下去,"薑絲大腸,c"
390,當歸雞肉質有點柴，其餘菜色正常,"當歸雞肉,c"
391,價格便宜，菜的份量與好吃程度普通，上菜速度快，個人很喜歡麻婆豆腐，五更腸旺這些下飯類的。蒜泥白肉和炒鮮蚵類比較不推，個人比較不喜歡、但若以聚會吃熱炒而言算是很理想的地點。並且就在中正紀念堂站3號出口一出來，喝酒也不用擔心要叫車或uber這點大加分。唯一美中不足的點在於空間---吃飯時大家椅子一拉出來，不認識的不同桌的都會互相背靠背，且要去廁所或是櫃台都不太好移動，而且我們去的時間是冬天，大家都有大外套或是包包等..隨身物品，如果能有籃子或是空間可以置放會更棒!!,"麻婆豆腐,a?五更腸旺,a?蒜泥白肉,c?炒鮮蚵,c"
392,京醤排骨不錯吃，但水蓮不夠清脆，金莎軟絲沒有啥麽金莎，小失望,"京醬排骨,a?水蓮,b?金沙軟絲,c"
393,量少，服務態度又差，點的是孜然羊排竟然找不到羊排只有稀稀疏疏幾條羊肉碎片，客家小炒也是，都是蔥段豆乾條，很油。真的很不推薦!,"孜然羊排,c?客家小炒,c"
394,之前吃幾次都覺得不錯，沒想到這次來讓人大失所望，上菜速度慢就算了，熱炒居然是冷的，點了清蒸魚很慢來就算了居然還沒熟，店員態度也很差，以後不會再光顧了,"清蒸魚,c"
395,鹹蛋苦瓜鹹蛋苦瓜鹹蛋苦瓜!!!,"鹹蛋苦瓜,a"
396,平價好吃!，但是不要苦瓜鹹蛋真的是鹹到哭，希望下次能改進!謝謝,"鹹蛋苦瓜,c"
397,我已講不出任何話，，炒山蘇炸雞軟骨炒螺肉等...，都令人驚......，，恐,"炒山蘇,c?炸雞軟骨,c?炒螺肉,c"
398,連白飯都可以那麼難吃，傻眼,"白飯,c"
399,連宮保雞丁都弄不好，不懂為什麼可以那麼多人，唯一的優點就是離捷運站很近,"宮保雞丁,c"
400,沒有以前好吃.....，點了炒水蓮、宮保雞丁、老皮嫩肉、空心菜牛肉都覺得普通...，宮保雞丁的肉感覺不新鮮....,"炒水蓮,b?宮保雞丁,c?老皮嫩肉,b?空心菜牛肉,b"
401,菜色都很好吃，蒜泥白肉、宮保雞丁好吃，但我覺得這家店的湯匙太小，舀東西好辛苦，推薦店家換一下,"蒜泥白肉,a?宮保雞丁,a"
402,打咔客家小炒和蒼蠅頭讓我創下七碗飯的紀錄，不過菜品質不穩,"客家小炒,b?蒼蠅頭,b"
403,是因為用UberEat叫所以可以做的比較隨便嗎？一道菜兩百多份量大概只有一人份鐵板牛柳這種熱炒基本款吃起來超柴還有一股酸味,"鐵板牛柳,c"
404,價格親民，不過份量不會很多，金沙杏鮑菇吃起來有像在吃雞塊的感覺，空心菜稍微炒老了些，水煮蝦的品質有待加強,"金沙杏鮑菇,c?空心菜,c?水煮蝦,c"
405,前幾次吃很好吃，可是今天覺得味道跟品質沒有之前的好。京都排骨幾乎都是肥油或是骨頭的部分，一大口吃下去都是油脂有點可怕。男朋友盛了兩次都裝到溫偏冷的飯，不知道是不是來不及熱。，不過之前很喜歡這家，是方便到達又好吃的熱炒店。,"京都排骨,c?白飯,c"
406,宮保雞丁、鳳梨蝦球、炒空心菜都好好吃！！，不但台灣人喜歡，韓國人也超喜歡的,"宮保雞丁,a?鳳梨蝦球,a?炒空心菜,a"
407,text,dish
408,連假四天。連吃二天。超愛鹽酥蝦。，物美價廉。還帶親友來品嚐。,"鹽酥蝦,a"
409,text,dish
410,無錫排骨，獅子頭👍，真材實料👍,"無錫排骨,a?獅子頭,a"
411,text,dish
412,炒泡麵份量十足好吃，豆腐也很美味，熱炒類都蠻十足美味非常平價,"炒泡麵,a?豆腐,a"
413,20190307我點牛肉燴，讚。，，還不錯啊！我點的是肉絲燴飯，料多味美，雖然偏鹹了一點，但還可以接受，是有回雇率的店，重點香氣又十足，價格又公道。,"牛肉燴,a?肉絲燴飯,a"
414,牛肉炒飯，飯粒粒分明，口味偏鹹，但好吃！,"牛肉炒飯,a"
415,text,dish
416,物美價廉，石牌北投第一名的炒麵，記得現場吃並且加辣！,"炒麵,a"
417,炒麵好吃好吃細麵沾滿湯汁下次再來試試炒飯,"炒麵,a"
418,很推炒麵，量多料多湯汁甜,"炒麵,a"
419,時常經過好像挺多人外帶，肉絲蛋炒飯味道還不錯，提醒一下老闆要少油就剛剛好。蛤蜊湯很不錯，很清，很新鮮。下次來試試牛肉或羊肉蛋炒飯加肉。,"肉絲蛋炒飯,a?蛤蜊湯,a"
420,這是一間隱身在不起眼路邊的快炒，炒麵超級好吃，會讓你一口接一口！炒飯也不錯，味道很順口，價格也實惠！老闆做菜的速度也很快，推薦～,"炒麵,a"
421,羊肉炒飯味道普通，下水湯好喝,"羊肉炒飯,b?下水湯,a"
422,text,dish
423,上菜速度實在太慢，蒜泥白肉不錯，龍珠普普，鳳梨蝦球讚，客家小炒還可以，鐵板肉類還不錯,"蒜泥白肉,a?龍珠,b?鳳梨蝦球,a?客家小炒,a?鐵板肉類,a"
424,吃過三次豆腐好吃,"豆腐,a"
425,烤斑鳩好吃,"烤斑鳩,a"
426,價格公道，鹹蛋杏鮑菇，炒螺肉很下飯,"鹹蛋杏鮑菇,a?炒螺肉,a"
427,標準份量，炒的味道都很濃鬱，鮭魚肚也很好吃，炒苦瓜、蛤蜊真的很好吃，，,"鮭魚肚,a?炒苦瓜,a?蛤蜊,a"
428,北投區還算不錯的熱炒。口味重，生魚片很新鮮。生意很好。,"生魚片,a"
429,菜看起來乾淨、好吃、份量大，飯吃到飽。便宜。啤酒也便宜,"啤酒,a"
430,推薦宮保皮蛋,"宮保皮蛋,a"
431,C/P非常高令人驚喜的好餐廳海鮮蛤仔很新鮮三杯雞是真土雞價格親民口味實在好到不得不推薦,"海鮮蛤仔,a?三杯雞,a"
432,不分平假日都很多人的庭園熱炒店，從小吃到大，在我的印像中幾乎沒有地雷菜，帶爸媽跟朋友來吃也都很有面子，，這次3位朋友聚會，點了5道菜（後來每人吃了2碗飯），三杯雞很嫩（三杯雞外面很多地雷），鐵板牛柳肉嫩（黑胡椒跟洋蔥炒的入味），宮保皮蛋好吃但有點辣，鐵板豆腐很道地，豆腐完美搭配紅蘿蔔筍子，水蓮也炒的不會太老，，,"三杯雞,a?鐵板牛柳,a?宮保皮蛋,a?鐵板豆腐,a"
433,推薦炒水蓮松阪豬三杯杏鮑菇，雖然價錢不算很便宜，但是跟三五好友邊聊邊吃很開心，上菜算是蠻快的，中午人很少的時候更快，店員大部分都蠻親切的，有時候去買一碗白飯，他們也不會不耐煩，算是會讓人想再去的一家熱炒,"炒水蓮,a?松阪豬,a?三杯杏鮑菇,a"
434,酸辣蝦好吃,"酸辣蝦,a"
435,魚下巴必點。,"魚下巴,a"
436,三杯雞好吃，炒羊肉不腥羶，有水果白飯冰淇淋無限供應，整體來說會值得再來！,"三杯雞,a?炒羊肉,a"
437,位於捷運唭哩岸站與捷運石牌站中間，是相當便利的地理位置。熱炒類選擇非常多，個人喜歡三杯中卷，炒水蓮，客家小炒，龍珠，苦瓜鹹蛋，松阪豬...等等，店內也很貼心的提供有三種用餐環境，有室內冷氣房，有室外熱鬧區，也有室外吸煙區，如果天氣冷的時候還會開暖爐給你吹呢！除了白飯吃到飽外，店內也有提供小朋友喜歡的冰淇淋，偶爾店家也會提供切好的水果放在飯桶旁供客人食用。而且在貴森森的大台北地區，店內酒水價格也算合理，最便宜的一支玻璃瓶50元而已。,"三杯中卷,a?炒水蓮,a?客家小炒,a?龍珠,a?苦瓜鹹蛋,a?松阪豬,a"
438,菜色多樣，有冰淇淋、白飯無限供應。,"冰淇淋,b"
439,三杯好吃，，,"三杯,a"
440,店內十分吵雜無法正常講話，沒有以前好吃品質下降中，蔥油雞肉有腐味，炒水蓮生硬好像吃草，每樣菜份量少得可憐，價錢又悄悄一直漲，請客讓我很丟臉的一家店，下次再也不會去了,"蔥油雞,c?炒水蓮,c"
441,一般性的熱炒店，環境不錯，有庭院有室內有吸煙餐飲區，除吸煙區外皆有冷氣，價位合理，屬中等以下消費，聚餐好場所，啤酒飲料豐富，有酒促美眉服務，氣氛不錯，冰淇淋Allyoucaneat。,"冰淇淋,a"
442,三五好友聚會的場所。，大推水煮牛肉，好吃啊！，雖然辣味，不敢吃的，也推薦嚐一嚐。，而且白飯、冰淇淋無限提供：）,"水煮牛肉,a"
443,快炒店服務ok，有免費冰淇淋，價格大眾化,"冰淇淋,b"
444,台灣餐廳價格合理。適合朋友和家人聚會。各種食物都在這裡供應，無論是烤海鮮，牛排，生魚片，油炸菜餚還是燉菜，我敢肯定你可以在這裡找到你喜歡的東西！我想他們打算讓他們的食物更咸一點，這樣你可能會在那裡點更多的啤酒。然而，蒸米飯是免費的，絕對美味，所以你只需放鬆一下！乾杯!，，,"烤海鮮,b?牛排,b?生魚片,b?油炸菜餚,b?燉菜,b"
445,不貴，而且他們的白飯超Q超好吃,"白飯,a"
446,天天都是人潮，菜色豐富，還有現撈的海鮮。價格公道。可以預約訂位。,"海鮮,a"
447,本店是住在天母、北投石牌一帶的人，最常選擇的熱炒店之一，老闆娘及店員們的服務都很親切，餐點的CP值也算頗高，不會像有些標榜百元熱炒結果份量都少的讓人大吃一驚。，在這裡我們比較常點的有苦瓜鹹蛋、龍珠、三杯中卷、滑蛋蝦仁等等，都比一般熱炒店來的優秀！不過以前來這邊必點的宮保皮蛋，不知道是不是廚師有更換，味道大不如前，除此之外其他料理基本上不會有雷。，在這裡還有一個非常大的優點，那就是這裡的bar啤酒一瓶只要50元，真的大大造福了愛喝酒的我們！這也是我時常來光顧的一大原因，哈哈！,"苦瓜鹹蛋,a?龍珠,a?三杯中卷,a?滑蛋蝦仁,a"
448,從小吃到大的平價熱炒店，座位不少，白飯吃到飽,"白飯,b"
449,可惜現在份量變少、味道變鹹、價格變高了。，以前很常光顧，必點客家小炒、蒜泥白肉、宮保雞丁、鳳梨蝦球、炒川七。，白飯無限量供應，適合聚會。,"客家小炒,a?蒜泥白肉,a?宮保雞丁,a?鳳梨蝦球,a?炒川七,a?白飯,b"
450,熱炒店…有活海鮮和一點兒日式料理…大部份是台菜熱炒…白飯可無限取用，還有自助冰淇淋,"活海鮮,b?白飯,b?冰淇淋,b"
451,菜色多樣首推宮保雞丁,"宮保雞丁,a"
452,飯，冰淇淋吃到飽,"飯,b?冰淇淋,b"
453,大推宮保魷魚🦑，好吃！餐廳整體價格合理，值得再次光臨！,"宮保魷魚,a"
454,空間大位子多飯和冰淇淋吃到飽,"飯,b?冰淇淋,b"
455,東西很美味，有招牌菜辣雞可以嘗試，，,"辣雞,a"
456,菜色豐富好吃，白飯吃到飽，上菜速度快，ㄧ份菜量可以4-5人吃。,"白飯,b"
457,招牌辣椒雞真不錯,"辣椒雞,a"
458,白飯隨你吃，經濟實惠的地方。適合多人熱熱鬧鬧的用餐。,"白飯,b"
459,上菜速度快，菜色及價格也都很合理。白飯、冰淇淋、水果(柳丁)都可無限取用。自從多年前從明德捷運站搬來此後第一次用餐，菜色依舊美味。，，離捷運站步行可達，店內庭園有劃設機車格，方便騎車族可停放。，環境舒適，唯廁所衛生紙及擦手紙不足沒有添滿。，，可在營業時間事先電話訂位。店內阿姨很貼心，臨時幫朋友慶生買蛋糕進來，服務人員還會一起串通到座位點蠟燭，用餐很自在。,"白飯,b,冰淇淋,b"
460,戶外裝潢稍改，加了新的天棚，但是似乎換師傅了，口位跟以前變的不太一樣，不過蚵仔酥還是一樣好吃的,"蚵仔酥,a"
461,在搬家前時就吃過這家餐廳，搬到新位置也再吃過幾次，可能師傅換人，覺得口味表現不是很穩定。幾次剛進門時，領位的人常會在空桌徘徊，不是很確定要把我們帶去哪裡入座，這部分可以再改善，不然客人就會跟著帶位的人走來走去。金沙口味不夠有蛋黃味，炸物的部分點的炸豆腐屬於偏油但不是那種適合下飯配酒。烤物選的是烤小卷還不錯，不會很乾硬。,"炸豆腐,b?小卷,a"
462,台北市內快炒區過四五家，只喜歡去仙客來，菜非常好吃，價格實惠，豆酥鱈魚，三杯雞，魚下巴，客家小炒，小辣椒炒蛤蜊，都是我們每次必點的菜很贊，，,"豆酥鱈魚,a?三杯雞,a?魚下巴,a?客家小炒,a?小辣椒炒蛤蜊,a"
463,高CP值，菜色多樣，飯&冰琪淋自助免費，口味稍重且油，環境普通稍嫌吵雜。,"飯,b?冰琪淋,b"
464,椒麻雞必點,"椒麻雞,a"
465,菜好吃價格平價苦瓜鳳梨雞好喝白飯和冰淇淋免費,"苦瓜鳳梨雞,a? 白飯,b?冰淇淋,b"
466,朋友聚會喝酒吃宵夜的好去處！菜色豐富好吃，下酒菜多，還有冰淇淋、白飯吃到飽！,"冰淇淋,b?白飯,b"
467,好吃又便宜，點了宮保雞丁、炒蛤蜊、滑蛋蝦仁、蚵仔湯、鹹蛋苦瓜、炒牛肉，兩人吃飽飽，菜飯錢才1千。,"宮保雞丁,a?炒蛤蜊,a?滑蛋蝦仁,a?蚵仔湯,a?鹹蛋苦瓜,a?炒牛肉,a"
468,白飯吃到飽很爽，菜很下飯,"白飯,b"
469,下班聚會小搞搞的好地方，熱炒、活海鮮都不錯：）,"活海鮮,a"
470,推蚵仔酥，有點鹹但配飯剛好,"蚵仔酥,a"
471,只有辣椒雞可推薦~~~,"辣椒雞,a"
472,泡菜牛好吃^^其他菜色mediocre，，,"泡菜牛,a"
473,推黃金豆腐,"黃金豆腐,a"
474,復古的用餐環境，海鮮很新鮮，出菜速度很快，白飯、冰淇淋免費享用，常常客滿，要提早來用餐，cp值高，推～👍,"海鮮,a?白飯,b?冰淇淋,b"
475,價格平實菜色新鮮口味不錯白飯無限量供應。,"白飯,b"
476,熱炒新鮮好食土鷄料理白切或入湯都好吃,"土鷄料理,a"
477,宮保雞丁&蔥爆牛肉&炒麵&酥炸鮮蚵,"宮保雞丁,a?蔥爆牛肉,a?炒麵,a?酥炸鮮蚵,a"
478,營業時間到兩點是個很好在晚上多人聚餐的去處熱炒價格標準環境皆有冷氣白飯冰淇淋內用都可自取,"白飯,b?冰淇淋,b"
479,餐點口味不錯，價錢也算合理，而且還有冰淇淋免費吃，讚！,冰淇淋
480,炸的不錯，蝦仁滑蛋跟龍珠反而不好吃，青菜熱炒類普普，價格份量是正常台北價格，定位服務人員有點…所以給三顆。,"蝦仁滑蛋,c?龍珠,c?，青菜,b"
481,物美價廉，飯.冰淇淋免費吃，讚！,"飯,b?冰淇淋,b"
482,挺好吃的熱炒店，炸豆腐必點,"炸豆腐,a"
483,快炒餐廳，菜色還算不錯，鳳梨蝦球、糖醋排骨、蚵仔酥、蒜泥白肉、三杯雞都還不錯，可惜買單後才發現有供應冰淇淋。,"鳳梨蝦球,a?糖醋排骨,a?蚵仔酥,a?蒜泥白肉,a?三杯雞,a?"
484,好吃香魚好吃,"香魚,a"
485,👈🏻歡迎追蹤🙌🏻#碎念人妻✨✨﻿，IG、FB搜尋🔍murmurtaitai﻿，-﻿，﻿，這間店一直以來都生意超好﻿，尤其是假日更是絡繹不絕﻿，有時候我們家人聚餐也會來這﻿，﻿，之前最心繫的是宮保雞丁﻿，吃了很多家熱炒店﻿，覺得沒有一家比他們的好吃﻿，﻿，雞肉酥脆不柴口感適中﻿，配上香脆花生﻿，很容易一口接著一口﻿，﻿，鐵板豆腐﻿，充滿奶油香氣﻿，撒上滿滿黑胡椒粒﻿，在鐵板噗滋噗滋的﻿，光是視覺上﻿，就是一大享受呀﻿，﻿，而炒麵﻿，雖然較為平凡﻿，沒有熱炒店的鍋香氣﻿，但仍然非常順口﻿，一下子就不小心吃了好幾碗﻿，，櫃台旁，還有提供免費的冰淇淋吃到飽，有機會一定要來吃吃看這間噢,"鐵板豆腐﻿,a?炒麵﻿,b"
486,東西好吃，用餐環境還可以，有冰淇淋和白飯吃到飽,"冰淇淋,b?白飯,b"
487,附近非常難停車，建議停石牌捷運站旁停車場再步行約10分鐘；口味偏重，沒有特別驚豔的菜色，客家小炒及青蔬蝦仁不錯，免費客惟您冰淇淋吃到飽大加分！,"客家小炒,a?青蔬蝦仁,a?，冰淇淋,b"
488,餐廳離石牌捷運不遠，開車的人可以選擇石牌捷運站停車場再走過來。餐廳裡面有分方桌區與大圓桌區，人多聚餐時不妨考慮圓桌區比較合適。菜色多樣，我們點了小朋友喜歡吃的炒麵，三杯雞、清炒高麗菜、西蘭花蝦仁、客家小炒、脆皮大腸、鹹蛋苦瓜，白飯以及冰淇淋可以自由取用。口味上來說，炒麵以及客家小炒表現比較出色，炒麵的配料不多，表現得中規中矩，還算可以，客家小炒的豆乾很好吃，青菜類感覺鍋氣不夠沒有辦法把菜的美味提升出來，三杯雞的雞肉偏瘦，肉質本身算嫩，不過口感上比較油膩，清炒西蘭花蝦仁裡的蝦仁…,"炒麵,a?客家小炒,a?青菜,b?三杯雞,b"
489,常光顧之處適合家庭公司聚餐經濟實惠環境優菜單多選擇出餐快白飯及冰淇淋吃到飽很棒,"白飯,b?冰淇淋,b"
490,價格親民，口味佳，是聚餐的好選項！，如果有想點❴薑絲牛肉❵這道菜的人，請務必三思！因為它是由❴薑絲大腸❵衍伸出的，整個滋味酸到不行，絕對超乎你的想像……，不過，鮮客來用的肉品都非常正常，絕對不會有組合肉的疑慮，而且也都不會泡嫩精，是少數極讓我們安心的餐廳👍,"薑絲牛肉,b"
491,2018/8/3@阿豪+小黑人+桌哥(小胖去部門聚餐)，久久不見的飯局，來這邊聚餐～總共吃了$1260還OK～(蛤仔湯、蔥蛋、高麗菜、空心菜、蒜泥白肉、韓式燒肉、月亮蝦餅、炒飯)，2019/10/19，小黑人母湯哦～這麼高調小心過不了三個月試用期哦～,"蛤仔湯,a?蔥蛋,a?高麗菜,a?空心菜,a?蒜泥白肉,a?韓式燒肉,a?月亮蝦餅,a?炒飯,a"
492,我是中午去吃，出菜速度蠻快的，生魚片也超厚的，店家旁邊還有自己的機車停車場蠻方便的,"生魚片,a"
493,石牌仙客來👍喔~場地寬敞。服務人員親切。廚師✋藝精。小家庭聚餐。👌友談♥。位在陽明大學附近。遠地來的住宿學生。陽明大學。健康護理學校學生。被在地響導發現常常來這解鄉愁。一人叫一道菜。美食共享。提供白飯水果吃到飽。家庭聚會六個人。二千元預算就粉澎湃。也可以辦桌。或是尾牙聚餐。同事聚會。可以預算和老板商量菜色喔~超級無敵囍歡三杯🐔。豆鼓珂，鐵板豆腐。炸蝦。鹹水蝦。客家小炒。生啤🍻👌喝喔~新鮮生🐠片。青蒸鮮🐠，炒三蘇。炒高麗菜。大火炒就是👌吃喔~♥動不如行動喔~介紹一👇自己都快流口水喔~,豆鼓珂，鐵板豆腐。炸蝦。鹹
494,CP值不錯的熱炒店，上菜迅速，芋頭米粉湯好吃😋,"芋頭米粉湯,a"
495,環境不會過於吵雜或雜亂，出餐速度快，味道夠不死鹹，白飯冰淇淋免費取用,"白飯,b?冰淇淋,b"
496,好久没吃正統啤酒屋餐厅了；三杯雞肉質佳、蛤仔大顆炒的肥美新鲜、魚湯也鲜；塲地夠大适合來聚餐耶～,"三杯雞肉,a?蛤仔大顆,a?魚湯,a"
497,"平價好吃,內用白飯和冰淇淋免費,點熱湯都還用小瓦斯爐熱著,在飄著雨冷冷的冬天喝到暖暖的湯很幸福!鐵板豆腐,炒水蓮,橙汁排骨都很好吃又下飯,可連吃兩三碗飯呢!"," 鐵板豆腐,a?炒水蓮,a?橙汁排骨,a?白飯,b?冰淇淋,b"
498,不少學生聚餐的場所，味道價格尚可，比大發好吃，白飯無限供應,"白飯,b"
499,東西好吃樣式多，白飯可以吃到飽,"白飯,b"
500,空間寬廣，價格適中，魚湯不錯,"魚湯,a"
501,菜餚多樣化、口感到味、平價供應、開放式空間空氣流通、白飯+冰淇淋無限食用。,"白飯,b?冰淇淋,b"
502,地點很好離捷運站近，宮保雞丁好吃，不過服務人員態度不佳，回話跟臉色都讓人不舒服,"宮保雞丁,a"
503,滑蛋蝦仁好滑好好吃💕💕,"滑蛋蝦仁,a"
504,台北最喜歡的熱炒店，比石牌大發好吃，份量大，每道菜都好吃，沒遇到雷過。，無限量的白飯有時候會很乾，缺點是地理位置不方便…在兩個捷運站中間,"白飯,b"
505,text,dish
506,好吃^^，最喜歡“四季肥腸”，穌穌香香的,"四季肥腸,a"
507,蠻好吃的，推薦蒜泥白肉，蒜泥鮮坷,"蒜泥白肉,a?蒜泥鮮坷,a"
508,整體感覺乾淨，服務態度普普，但餐點蠻好吃的，推鮭魚炒飯跟蒜泥豬肉,"鮭魚炒飯,a?蒜泥豬肉,a"
509,餐點選擇很多，不過偶而會有地雷（有次點薑絲羊肉有夠硬），必點三樣：蔥爆牛肉、沙茶空心菜牛、乾燒河粉,"蔥爆牛肉,a?沙茶空心菜牛,a?乾燒河粉,a"
510,空心菜牛肉好吃，配菜有青菜有湯，讓我有營養均衡的一餐。,"空心菜牛肉,a"
511,蔥爆牛肉好吃！牛肉軟嫩青蔥味美，豆乾炒肉也很香,"蔥爆牛肉,a?豆乾炒肉,a"
512,泡菜牛肉好吃，但是三杯小捲和五更腸旺就有點可惜了，主料太少了。，，,"泡菜牛肉,a?三杯小捲,c?五更腸旺,c"
513,豆干肉絲、鹹蛋苦瓜、三杯中卷！配飯一絕。,"豆干肉絲,a?鹹蛋苦瓜,a?三杯中卷,a"
514,豬肉炒飯，麻婆豆腐，炸雞都很好吃!!^^，有一個英文菜單，所以很容易訂購！，，,"豬肉炒飯,a?麻婆豆腐,a?炸雞,a"
515,超好吃，狂推豆干肉絲、三杯豬血糕！,"豆干肉絲,a?三杯豬血糕,a"
516,羊肉燴飯好吃！,"羊肉燴飯,a?"
517,text,dish
518,等待時間稍久，但東西好吃又大碗，我點魚片米粉，魚片不夠，還加了魚肚，感覺很棒,"魚片米粉,b"
519,北投區吉利街在地巷弄內美食/米粉湯尤佳店家新鮮小菜種累多！,"米粉湯,a"
520,text,dish
521,桌菜清淡不油膩，很好吃，海鮮很新鮮。,"海鮮,a"
522,女服務生清秀漂亮，有抹口紅。炸雞很好吃,"炸雞,a"
523,推薦必點:月亮蝦餅，鐵板豆腐，高麗菜，炒水蓮，千萬別點:鳳梨蝦球,"月亮蝦餅,a?鐵板豆腐,a?高麗菜,a?炒水蓮,a?鳳梨蝦球,c"
524,無菜單料理，香酥脆皮雞很棒,"香酥脆皮雞,a"
525,脆皮烤雞，鹽酥豬腳太讚了！,"脆皮烤雞,a?鹽酥豬腳,a"
526,脆皮雞好吃,"脆皮雞,a"
527,text,dish
528,難吃，環境不好，等超久，炒麵超雷，炒飯普通雷,"炒麵,c?炒飯,b"
529,炒飯有燒焦味，份量多,"炒飯,c"
530,態度好但我點吻仔魚粥裡面根本沒什麼料魚沒幾隻蛋只看到一點點蛋白極度懷疑根本不是整顆蛋再加一點點菜完全沒味道這樣一碗90,"吻仔魚粥,c"
531,text,dish
532,口味重，但好吃。京都排骨這種功夫菜只要150，炒麵飯是他有名的，才70，很便宜。但是，生意超級好，要等很久喔，外帶客人超多的。老闆會告訴你差不多等的時間。,"炒麵,a"
533,就愛這粒粒分明的炒飯,"炒飯,a"
534,炒飯便宜好吃,"炒飯,a"
535,平價熱炒，每樣菜色，都相當好吃，推薦宮保雞丁，薑絲大腸，糖醋排骨.......讚啦！,"宮保雞丁,a?薑絲大腸,a?糖醋排骨,a"
536,炒飯炒麵都不錯,"炒飯,a?炒麵,a"
537,text,dish
538,滷肉飯很厲害!好久沒吃到好吃的滷肉了~,"滷肉飯,a"
539,滷肉飯超讚！,"滷肉飯,a"
540,涼拌羊肉，口味獨特。老闆用芝麻醬和蔥油伴著燙過的羊肉和洋蔥，吃起來味道很特別，很好吃。，，羊膝蓋湯，湯頭偏鹹，羊膝蓋吃起來肉質軟嫩，充滿膠質，不錯吃。，，最驚艷的是爆漿肉燥飯！滷汁夠味！滷肉燉煮到膠質都煮出來黏嘴唇了。好好吃！,"涼拌羊肉,a?羊膝蓋湯,a?爆漿肉燥,a"
541,爆漿肉燥飯很特別的組合搭配！,"爆漿肉燥飯,a"
542,text,dish
543,text,dish
544,text,dish
545,他們羊肉爐裡面有一條粗的橡皮筋跟他們反應他們不懂道歉從頭到尾我都沒聽到他們說一句對不起，請問一下你們覺得這是對的態度嗎？他們只會說不然650退還給你我也是看到網路上評論所以才來吃的，真是失望透了,"羊肉爐,c"
546,平民快炒美味--只是偏鹹及偏油，清蒸龍膽石斑很棒,"清蒸龍膽石斑,a"
547,麻婆豆腐不錯，炸雞也是必點!,"麻婆豆腐,a?炸雞,a"
548,炒飯好吃,"炒飯,a"
549,text,dish
550,"我在這裡吃到了全台灣最難吃的回鍋肉,那根本是豆乾豬肉芡高麗菜","回鍋肉,c"
551,炒飯都是胡椒味，搶了蛋香和鑊器。燴飯還好有嫩牛肉，整個餐廳待久了身上都是濃濃的煙味。很不舒服。,"炒飯,c"
552,推，鹹豬肉，花雕雞，老皮嫩肉，來這不吃會後悔,"鹹豬肉,a?花雕雞,a?老皮嫩肉,a"
553,推推推!!水煮牛清燉羊排爐花雕雞香酥雞大推代客料理收費超便宜老闆娘親切價格實在絕對再訪,"水煮牛,a?清燉羊排爐,a?花雕雞,a?香酥雞,a"
554,6個人吃飽飽1600，喜歡蔥爆牛肉、宮保雞丁、老皮嫩肉。,"蔥爆牛肉,a?宮保雞丁,a?老皮嫩肉"
555,"東西沒很好吃餒，想說大家評4.2顆星，但茄子肥腸太油了，茄子也不夠味;蝦醬高麗菜味道不優炒沒入味;宮保雞丁的雞沒入味;但小朋友很乖，會幫忙招呼碟,碗,筷☺️☺️☺️","茄子肥腸,c?蝦醬高麗菜,c?宮保雞丁,c"
556,不好吃，連我不太挑的都受不了。，熱炒就是很下飯，這裡寫飯無限供應，看似佛心，但飯很硬！米心沒透，反應給老闆娘，居然說配有醬汁的菜一起吃.....真是傻眼。除了花雕雞還好，已不記得其他有什麼好菜，很多勾芡。,"花雕雞,b"
557,甘蔗雞超讚，份量超多跟一般熱炒店差很多，價格是一般熱炒店的價格，份量是一般的1.5倍，每道菜都超乎對一般熱炒店的印象～,"甘蔗雞,a"
558,熱炒不錯吃，最愛它們家的牛肉炒麵。,"牛肉炒麵,a"
559,"店面,店內座位,可外帶。，外帶:酥炸蚵、客家小炒,好吃。，熱炒類:丁香花生、宮保雞丁$120，，經濟實惠。，白飯$10/碗。，付現。","酥炸蚵,a?客家小炒,a"
560,text,dish
561,有兒童座椅兒童碗筷！帶小孩很方便鳳梨蝦球小孩超愛～～內用飯吃到飽，很適合與姐妹一起吃飯小酌！,"鳳梨蝦球,a"
562,今天登山隊14個人用餐，點了一些菜大致上都不錯，只有五更腸旺的大腸韌了點，魚香茄子，茄子太老,"魚香茄子,c?五更腸旺,c"
563,東西好吃，價位親民。，招牌魚頭感覺厲害。,"招牌魚頭,a"
564,冷筍很貴。炒飯好吃,"炒飯,a"
565,text,dish
566,炒飯、燴飯類的都很好吃，是很受學生歡迎的一家店，不僅份量十足，價格也相當實惠。是想吃好吃又想省錢的好選擇。,"炒飯,a?燴飯,a"
567,炒飯好吃,"炒飯,a"
568,熱炒和炒飯不錯吃,"熱炒,a?炒飯,a"
569,點了熱門品炒飯炒麵之外的熱炒共四款，宮保雞丁是大地雷，肉質柴硬度五顆星，其他品項口味一般不多說，外帶熱門商品外的請有心理準備要等上20分鐘,"宮保雞丁,c"
570,炒飯大盤又好吃,"炒飯,a"
571,東湖有家鄉小吃真的是太讚了!!!鳳梨蛋炒飯大推推推推推推!!!!!也不會太貴,"鳳梨蛋炒飯,a"
572,好好吃，羊肉炒麵很推薦,"羊肉炒麵,a"
573,是東湖地區好吃的炒飯，很多菜也都好吃，會一直來的！,"炒飯,a"
574,炒麵味道偏鹹，炒高麗菜的品質實在不佳，炒蛤仔有三、四顆蛤仔都沒開,"炒高麗菜,c?炒蛤仔?"
575,羊肉炒飯不錯吃，90元，味道很足，尤其份量夠多，難怪隔壁男生學生都點炒飯。，但炒麵份量似乎普通，95元，味道也是很夠。,"羊肉炒飯,a"
576,店面，有座位，可外送（詢問店家外送條件）。，外帶：肉絲蛋炒飯、什錦湯米粉，不錯吃。，服務人員親切。，付現。,"肉絲蛋炒飯,a?什錦湯米粉,a"
577,店理沒裝潢，但炒烏龍不錯,"炒烏龍,a"
578,份量足，價格合理，但炒烏龍麵、豆腐偏鹹,"炒烏龍麵,c?豆腐,c"
579,炒烏龍麵好吃,"炒烏龍麵,a"
580,好吃，炒飯炒麵跟熱炒都很好吃，從小吃到大，大推！！,"炒飯,a?炒麵,a"
581,炒飯跟燴飯都很好吃!,"炒飯,a?燴飯,a"
582,沙茶羊肉燴飯★★★★，蠻好吃的，貢丸湯★★★，普通,"沙茶羊肉燴飯,a?貢丸湯,b"
583,這次點了牛肉炒飯，90元的價格，還蠻中規中矩的，牛肉也不會說太嫩太硬，配料也有炒入味，但...就是少了點料理風格吧!或者說料理特色。，下次會試試看燴飯和炒麵，看有沒有比較驚艷，當然他們家的價位還是很ok的，份量也算適中，一般男生可以吃飽。,"牛肉炒飯,b"
584,炒飯炒麵都不錯,"炒飯,a?炒麵,a"
585,口味較重，大火熱炒。肉絲蛋炒飯大盤好吃。,"肉絲蛋炒飯,a"
586,炒飯非常有水準,"炒飯,a"
587,text,dish
588,好吃，三杯中卷好吃，，,"三杯中卷,a"
589,花雕雞還不錯,"花雕雞,a"
590,第一次吃到難吃的蔥爆牛肉，其他餐廳是軟嫩、這邊是軟爛，吃得出來肉質很不新鮮。，，麻婆豆腐是甜與辣，幾乎沒有「麻」。，，其他剩下的菜表現尚可，飯吃到飽。CP值低基本上不會再去。,"蔥爆牛肉,c?麻婆豆腐,c"
591,好吃的快炒店，珂仔新鮮待加強,"珂仔,c"
592,蒜頭雞湯不錯,"蒜頭雞湯,a"
593,環境不錯，蒜頭雞湯好喝,"蒜頭雞湯,a"
594,上菜快，平價。只賣酒要喝其他飲料可以外帶。宮保高麗菜，龍珠是必點。,"宮保高麗菜,a?龍珠,a"
595,吃到豆腐酸酸的，，,"豆腐,c"
596,鳳梨蝦球$150，皮有一點厚，蝦肉沒有味道，鳳梨有種快酸掉的刺激味………，，蝦醬空心菜$100，蝦醬不新鮮，有個味道…，，牛小排$150，一開始上菜有傻眼，底舖很多洋蔥，肉看起來不多，開始吃後發現肉斜切片，吃也夠飽了，算它過關，小缺點是太鹹,"鳳梨蝦球,c?蝦醬空心菜,c?牛小排,c"
597,不會回鍋的店，除了點餐送餐是服務人員送上其餘飲料飯都需自取其他也沒什麼服務價格比一般熱炒店貴還要10%服務費就算了餐點也不好吃炒螺肉金沙中卷中卷、螺肉都炸過硬幫幫的烤牛小排也是這樣泰式涼拌海鮮一般外面除非特別交代都是微辣今天吃感覺是中辣以上根本沒辦法吃唯一覺得口味還不錯的是麻辣水煮牛肉但點太多沒馬上吃完牛肉就變硬了鮭魚生魚片也算新鮮很難遇到這種9樣菜只有二樣滿意的所以一定要評論一下,"炒螺肉,c?金沙中卷,c?中卷,c?螺肉,c?烤牛小排,c?泰式涼拌海鮮,c?麻辣水煮牛肉,a?鮭魚生魚片,a"
598,金沙豆腐真的是非常好吃❤️❤️，，,"金沙豆腐,a"
599,炒菜脯蛋可以做成像碳烤菜脯蛋，請問你們家師傅炒菜是炒到睡著了嗎？😡😡😡,"炒菜脯蛋,c"
600,text,dish
601,南部口味的熱炒鱔魚麵酸酸甜甜的味道讓人意猶未盡吃完很滿足下次還要來吃,"鱔魚麵,a"
602,鱔魚意麵比在過去的那家阿寶師好吃多了，麻油腰只非常超值，而且吃起來入口即化,"鱔魚意麵,a?麻油腰子,a"
603,炒麵有讓人懷念老台北口味，好吃,"炒麵,a"
604,店家招呼蠻親切的加1⭐。可惜鱔魚意麵的味道跟南部完全不同，不合個人味蕾。炒蛤仔調味也跟北部一般風味不同，也是不習慣。,"鱔魚意麵,c?炒蛤仔,c"
605,鱔魚麵是勾芡的羹麵，有微酸的醋味，雖然是台南鱔魚麵，可是不像台南的鱔魚意麵那麼甜，一盤一百還算可以接受，另外也還有一些熱炒類的菜，攤位在壽司店的騎樓。,"鱔魚麵,b"
606,鱔魚麵好吃但是分量不大，麻油腰只時價(250),"鱔魚麵,a"
607,鱔魚意麵中的意麵炒的還不錯，口感偏有嚼勁，不會有爛爛的感覺，口味上也有做到酸中帶有一滴滴微甜的味道，跟台南口味有87分像，但是主角鱔魚本身的表現就不太行了！新鮮的鱔魚應該要是帶有脆度的，但是這裡的鱔魚完全沒有，新鮮度不足，給的也有點少，可惜囉！,"鱔魚意麵,c"
608,來這裡吃鰻魚炒麵，還可以，鰻魚很少。還下令豬腎，用麻油炒，這是平均水平，但出人意料的昂貴，250美元。有點令人失望！，，,"鰻魚炒麵,b"
609,點了鱔魚意麵跟炒花枝，滿好吃的，但份量不多，應該是點菜配飯比較適合,"鱔魚意麵,a?炒花枝,a"
610,上星期去吃點了鱔魚意麵鱔魚不新鮮有漂白水味道調味太酸味素太重一點都不像台南鱔魚意麵,"鱔魚意麵,c"
611,鱔魚炒麵很入味，好吃。,"鱔魚炒麵,a"
612,鱔魚意麵雖然是用意麵不是油麵，但口味跟台南的勾芡版本吃起來還是不一樣，而且有加豆芽菜剛好我不喜歡，但鱔魚算新鮮雖然沒有到很脆但沒有腥味！，今天吃到的地雷就屬炒劍筍，雖然色澤豐富多加了碗豆和黑木耳、番茄陪襯，但是筍子本身吃起來有個怪味，不好意思告知板娘，口味上跟最一般的豆瓣炒劍筍也不一樣味道，可能加了番茄口味變略酸；最推薦的大概就是蛤仔湯，飽滿大顆但是小小一碗時價竟然要120元太貴了！,"鱔魚意麵,c?炒劍筍,c?蛤仔湯,b"
613,口味雖然有點偏甜，但鱔魚意麵口味普普，沒有高雄台南的好吃，態度算親切。,"鱔魚意麵,b"
614,text,dish
615,東西份量少又慢，松阪豬不是松阪豬最後的燒酒雞還沒熟有鮮紅血水(不只一塊有血)，從來沒有吃熱炒吃的那麼不開心的！火大超怒!!,"松阪豬,c?燒酒雞,c"
616,蚵仔酥好吃、豬肝很嫩，鱔魚麵一般,"蚵仔酥,a?豬肝,a?鱔魚麵,a"
617,炸中卷不新鮮泡水，吃了全身過敏，菠菜只有段份量很少，鱔魚麵，麵條沒熟，鱔魚超級不新鮮很噁心！！,"炸中卷,c?菠菜,c?鱔魚麵,c"
618,讚!超級新鮮食材全部龜山島海鮮。膳魚炒麵和紅燒鰻魚好吃。,"膳魚炒麵,a?紅燒鰻魚,a"
619,沒什麼客人時上菜還是很慢，炒鱔魚意麵加很多味素吃幾口嘴巴好乾，調味也沒有在台南吃的那麼好吃⋯鱔魚腥腥的，蛤蠣湯有一個生水的味道，炒豬肝因為調味沒什麼味道所以超腥的⋯但炒飯很好吃！雖然有點鹹但終於有東西可以吞得下去,"炒鱔魚意麵,c?蛤蠣湯,c?炒豬肝,c?炒飯,a"
620,鱔魚麵吃起來感覺不新鮮，只好挑起來丟旁邊，點了一份菜單寫90元的炒青菜，結帳時才告知地瓜葉是100元，不想跟店家爭論直接付了這錢，再也不想就去的店。,"鱔魚麵,c"
621,上菜慢，鱔魚麵跟台南的差十萬八千里，鱔魚也有腥味，我吃到懷疑人生,"鱔魚麵,c"
622,看了評論好像沒有很好，但是帶日本朋友去，兩個人點了麻油川七、炒海菜、地瓜葉、蒜子田雞、龍筋花生、空心菜再加一瓶黑牌威士忌，除了上菜真的非常慢以及炒海菜這道菜，味道普通之外，其他的料理，味道都很好，特別推薦龍筋花生，口感很特別，日本朋友讚不絕口，雖然店看起來是有歷史的，有點髒髒舊舊，但是用餐過程都還不錯～下次有機會想再去試看看其他料理。,"麻油川七,a?炒海菜,a?地瓜葉,a?蒜子田雞,a?龍筋花生,a?空心菜,a?炒海菜,b"
623,外帶櫻花蝦炒飯，還不錯吃。,"櫻花蝦炒飯,a"
624,點的豬肝臭掉，店員大小聲很吵,"豬肝,c"
625,"保有傳統延三夜市大稻埕庶民飲食文化,，環境雖然有些吵雜但有著懷舊親切的氣息,，擁有早期台灣經濟起飛時的特有活力，菜色新鮮特別,老闆廚藝精湛,特別推薦小卷米粉,湯頭鮮美,口齒留香","小卷米粉,a"
626,餐點好吃，老闆老闆娘很客氣，價格也很親民，土雞非常好吃,"土雞,a"
627,說真的鱔魚麵不好吃，跟台南實在差太多，蠻失望的。,"鱔魚麵,c"
628,老闆一家很親切，，口味很家常，不死鹹，，蚵仔酥很鮮，好吃，涮嘴,"蚵仔酥,a"
629,可以使用夜市抵用卷，可惜鱔魚麵的鱔魚有點少,"鱔魚麵,b"
630,肉絲炒麵，70塊，量多大碗不會鹹,"肉絲炒麵,a"
631,有位非常會推銷的阿婆，推薦紅燒鰻好吃,"紅燒鰻,a"
632,炒麵不錯吃，不過自己把人行道占過半就算了，還要責怪路人牽自行車過人行道，我也沒辦法啊，誰讓莫名桌子連隔壁店家的馬路（黃線可暫停自行車）也佔掉，要不然我何苦把車牽上來，更何況我車子也是要停隔壁的，關你們什麼事==，，結果我前往的店家表示擋住他們馬路的桌子是帝一的...哇......擋住別人店的馬路給自己的人行道再來怪行人不得已牽自行車上來，真是夠棒的呢！,"炒麵,a"
633,text,dish
634,口水雞超級好吃喔！,"口水雞,a"
635,不允許日本人。有一個奇怪的日本菜單上有照片。，牆上貼有菜單和照片，便於訂購。，還有啤酒。它很舒適，價格合理。，炸豆腐很好吃。（不油炸），，,"啤酒,a?炸豆腐,a"
636,難得用料實在的平價熱炒，炒牛肉不錯！,"炒牛肉,a"
637,口水雞是招牌!好吃!會再訪的店～,"口水雞,a"
638,老皮嫩肉，口水雞，皮蛋蕃薯葉，金莎透抽很好吃，老闆娘會大嗓門的介紹菜色，花雕雞蛋老闆娘有推,"老皮嫩肉,a?口水雞,a?皮蛋蕃薯葉,a?金莎透抽,a"
639,口水雞、老皮嫩肉蒼蠅頭必吃!!!,"口水雞,a?老皮嫩肉,a?蒼蠅頭,a"
640,很有古早味的熱炒店，適合與三五好友一起享用，記得要配上啤酒才更對味。白飯無限供應，並有主廚工夫菜且價格公道，值得推薦！但附近停車不易，建議搭乘大眾交通工具前往。,"啤酒,a"
641,東西好吃，價格合理。推老皮嫩肉必點！,"老皮嫩肉,a"
642,便宜，物有所值，食物真的美味，來吃3次以上了，很喜歡～，老皮嫩肉超好吃，其他菜色也不錯。，，闆娘的服務很直爽，不是每位客人都能接受，但食物真的值得一試，環境一般偏髒～,"老皮嫩肉,a"
643,讚，老皮嫩肉好吃,"老皮嫩肉,a"
644,老皮嫩肉超好吃der，，,"老皮嫩肉,a"
645,口水雞帶點酸酸口感♥♥♥，皮蛋地瓜葉很嫩，蒼蠅頭很下飯，花椒燒蛋太鹹可以請老闆用淡一點@@”，來吃過三次，每次吃都覺得很下飯，也有賣炒麵炒飯，湯麵...價位80上下。,"口水雞,a?皮蛋地瓜葉,a?蒼蠅頭,a"
646,不太合胃口，但環境還算乾淨，份量價錢很臺北，老皮就是炸嫩豆腐，炒肉根本炒青菜哈哈，三杯中卷裡面居然放豬血糕甜不辣比較多，蒜泥白肉很肥很油將絲很多,"老皮嫩肉,b?三杯中卷,b?蒜泥白肉,b"
647,"來過N次了!冬天必點砂鍋魚頭,好吃古早味,平常不一定有,最好電話預約!其他像口水雞,老皮嫰肉,花椒蛋都很好吃!算是比較重口味,也較一般熱炒店有色特!每次吃熱炒都來這邊!老闆(主廚)忙完都會出來親切打招呼喔!","砂鍋魚頭,a?口水雞,a?老皮嫰肉,a?花椒蛋,a"
648,食物口味不錯，口水雞花椒味重味道酸甜好下飯，但老闆娘點菜時態度超差，這樣的態度會讓人不想再前往用餐。,"口水雞,a"
649,點菜時說要等20分鐘，我們想說還好，之後比我們後來的客人都已經上了一堆菜，我們才來一道，反應了等了20分鐘第二道才來，旁邊比我們慢來的都要吃完了，真的很讓人傻眼！有沒有搞錯啊！而且態度也不好！蛤蜊湯還很多沙.....,"蛤蜊湯,c"
650,老皮嫩肉跟口水雞必點，白飯吃到飽就是爽。,"老皮嫩肉,a?口水雞,a"
651,口水雞好吃！,"口水雞,a"
652,大推。推薦【老皮嫩肉】與【口水雞】。，【薑絲炒大腸】夠酸夠味。，老闆與老闆娘都和藹。，一次愉快的用餐體驗。,"老皮嫩肉,a?口水雞,a?薑絲炒大腸,a"
653,巷弄美食，水煮牛肉好吃極了,"水煮牛肉,a"
654,點炒牛肉，結果送上來的我還以為是炒空心菜，牛肉非常非常少，而且都是極細碎的碎肉，品質很糟糕，非常後悔走進這家店。，我個人是不在意等待時間過久，但是用料不實在令人無法忍受。,"炒牛肉,c"
655,必吃老皮嫩肉和口水雞,"老皮嫩肉,a?口水雞,a"
656,隱藏版的美食藏在巷弄內，兄弟大杯喝酒，大碗吃肉(飯)，沒喝完的可寄存．，迪化街布商的老闆(夥計)，最喜歡帶日本(業務)朋友來吃飯的飯館．，口水雞．蛤蜊湯~和{聽說}老闆到基隆(坎仔頂)親自挑選的海鮮~讚．，，,"口水雞,a?蛤蜊湯,a"
657,老撾（油炸豆腐），長婷頭（炒豆腐），我吃米飯，但它出來了250。衛生不是很好。很難看到背面做飯的地方，我必須帶著飯碗和我一起吃。菜單是牆上的所有圖片，所以你必須在不知道價格的情況下訂購，而油炸的炒飯則是黑色和油炸的。我不知道它是好吃還是燒焦。，，,"炒飯,c"
658,用餐環境有點亂，碗盤感覺沒有很乾淨要自己擦過，老闆娘感覺蠻親切會一直推薦菜色，小盤的菜比外面熱炒略少，所以價錢算是小貴，點了七八道菜都不錯吃沒有雷，大推口水雞,"口水雞,b"
659,內場老闆很熱情，有空會出來看看客人有沒有把一桌菜吃的一乾二淨，台北市區北門站三號出口附近平價的熱炒店，美中不足的是僅接單至晚上九點，要喝通宵的朋友可能得失望了～，推薦口水雞、老皮嫩肉！,"口水雞,a?老皮嫩肉,a"
660,大稻埕內的熱炒小店，平實的風格很容易讓人經過而不入，但去了，才知道廚師手藝很可以！價格在北市蛋黃區裏，真的很實在，推蒼蠅頭！！,"蒼蠅頭,a"
661,一訪再訪的美味好店，每道菜都非常下飯不知道何時才能吃完一輪；推老皮嫩肉、口水雞、蒼蠅頭、炸排骨、椒麻蛋，小辣足以。,"老皮嫩肉,a?口水雞,a?蒼蠅頭,a?炸排骨,a?椒麻蛋,a"
662,"臨近迪化街海鮮快炒餐館菜色不少又美味蒼蠅頭炒的夠好口水雞特別好吃烤秋刀魚四條180元又鮮又對味不點對不起自己蛤蜊湯個頭大又鮮甜生意真好但廚房只老闆一個人出菜比較慢一些很值得等待～，環境可再加強但平價美味是這店家最大優勢……，昨天聽老闆娘說營業到下週六止,暫時停業！因要配合都更拆建又還沒找到適合的店面…","蒼蠅頭,a?口水雞,a?烤秋刀魚,a?蛤蜊湯,a"
663,口水雞跟糖醋魚片都很讚！，，2019/12/13，太棒啦!!!感謝店家回覆提醒，還以為以後要吃不到了~~~，屆時一定去光顧!!!,"口水雞,a?糖醋魚片,a"
664,口水雞必點其他也幾乎沒有打槍的餐點非常推薦過來吃搬家後裝潢也變得很棒屬於四川料理愛吃麻辣的一定要來不吃辣的也可以先說我自己是屬於不太吃辣的人卻也吃的很愉快。,"口水雞,a"
665,原天金熱炒現改為天金小館。原本好像是咖啡館改建，裝潢很不像一般熱炒店，空間舒適。口水雞、花椒燒蛋、皮蛋蕃薯葉、老皮嫩肉都在水準之上。份量適中，價位划算。七道菜加白飯飲料，才$1300，很適合多人聚餐。,"口水雞,a?花椒燒蛋,a?皮蛋蕃薯葉,a?老皮嫩肉,a"
666,裝潢跟一般的熱炒完全不同，且價格實惠，沒有地雷！！大推口水雞、泡椒蛋、豆乾肉絲！推翻大部分人對熱炒、川菜很油的印象！,"口水雞,a?泡椒蛋,a?豆乾肉絲,a"
667,都有大小份可以選，人少也吃得起來，大推老皮嫩肉（雞蛋豆腐）和海鮮類。，環境乾淨舒適。,"老皮嫩肉,a"
668,下飯的家常料理，皮蛋炒地瓜的必點好嫩,"皮蛋炒地瓜,a"
669,text,dish
670,滷味超級棒，其他菜色也很好吃,"滷味,a"
671,隱身小巷弄內的豐盛料理，有提供一般的炒麵炒飯口味適宜，也有魚卵/煎白帶魚/沙茶空心菜牛肉/燙魷魚等等料理，平實而美味。,"炒麵,a?炒飯,a?魚卵,a?煎白帶魚,a?沙茶空心菜牛肉,a?燙魷魚,a"
672,巷中巷的隱藏店家，無菜單料理，可以一人多少錢下去配。，4個人$300/人，總共六菜一炒飯。，炒海瓜子、涼拌透抽、炒豆苗菜、空心菜炒羊肉、炸三層肉、乾煎碼頭魚每道都好吃。，環境一般般，出菜不算快、沒有服務（老闆只有一個人實在太忙）,"炒海瓜子,a?涼拌透抽,a?炒豆苗菜,a?空心菜炒羊肉,a?炸三層肉,a?乾煎碼頭魚,a"
673,炒飯炒麵，一大盤60，好吃！,"炒飯,a?炒麵,a"
674,朋友推，於是和太太兩人來探路試吃。無菜點了每人500的，涼透抽，滷味大腸豬尾巴，炒海瓜子，炒豆苗，炒高麗菜，炸三層肉，炸魚一共7樣菜。老闆一人包全場，犀利。結賬時和老闆說下次想吃蒸魚，他說可以先說。菜色口味很清爽不油膩，環境非常簡單，常客滿座，建議邀約多人一起來就能大快朵頤，價錢非常公道，絕對推薦。,"涼透抽,a?滷味大腸豬尾巴,a?炒海瓜子,a?炒豆苗,a?炒高麗菜,a?炸三層肉,a?炸魚,a"
675,text,dish
676,"點個炒飯配小辣豆干五花肉,厚厚的蔥花蛋,老闆一家人爽快健談","炒飯,a?豆干五花肉,a?蔥花蛋,a"
677,"夜晚版本的旗魚米粉,雖然沒有白天的炸物,但熱炒的飯菜麵,吃起來也很入味的價格合理","旗魚米粉,b"
678,炒麵好吃,"炒麵,a"
679,炒功一流旗魚米粉淡淡的口味但可以嘗出他的鮮甜,"旗魚米粉,a"
680,私房愛店，最推什錦炒麵和羊肉炒飯小辣！,"什錦炒麵,a?羊肉炒飯,a"
681,炒飯超好吃,"炒飯,a"
682,好吃便宜炒麵炒飯什錦湯麵都是一絕,"炒麵,a?炒飯,a?什錦湯麵,a?"
683,好吃極了!尤其炒飯跟旗魚米粉是必點!,"炒飯,a?旗魚米粉,a"
684,炒飯50元，便宜又好吃！,"炒飯,a"
685,炒飯、五花肉、小卷必吃,"炒飯,a?五花肉,a?小卷,a"
686,炒飯50元，炒青菜（當天吃到的是龍鬚菜）40元，蝨目魚180元，，好吃😋，，,"炒飯,a?炒青菜,a?虱目魚,a"
687,旗魚米粉（$60）不錯吃，炒飯（$50）味道不錯，但飯太濕軟有點可惜，炒龍鬚菜（$40）跟蔥蛋（$40）也都好吃，蔥蛋很古早味，會油一點,"旗魚米粉,a?炒飯,b?炒龍鬚菜,a?蔥蛋,a"
688,古早味，😋😋😋什錦炒麵加上自製的辣椒再一碗鮮蚵湯，👍👍👍便宜又美味，，,"什錦炒麵,a?鮮蚵湯,a"
689,迪化街內古早味小吃攤，店員超客氣超nice！一定要點招牌-旗魚米粉湯鮮甜的湯頭好讚好喜歡，其它的小吃也都非常不錯吶！,"旗魚米粉湯,a"
690,鯕魚湯米粉，湯頭很鮮甜，米粉直徑約1mm，與埔里米粉類似，個人喜歡這樣的粉。，鯕魚丁鮮甜，但是口感較柴澀。，，生燙小卷，鮮度一級棒，口感嫩Q兼具，搭配薑絲更讚。,"旗魚湯米粉,a?生燙小卷,a"
691,炒飯美味，調味濃淡合宜,"炒飯,a"
692,每次出差，回來就想來這裡點個炒飯、喝米粉湯、炒個蛤蜊冬天要吃個炒ㄍㄨㄚˋ菜，有在家裡吃的家常的感覺,"炒飯,a?米粉湯,a?蛤蜊,a?炒ㄍㄨㄚˋ菜,a"
693,【舌尖上的旅行】熱炒的家常好味道，炒麵、炒米粉、炒青菜…很不錯。蚵仔湯可惜新鮮度要加強，桌面乾淨度要再努力。,"炒麵,a?炒米粉,a?炒青菜,a?蚵仔湯,c"
694,超值的美味～一碗$40現煮的蚵仔湯，滿滿蚵仔及酸菜、薑絲，大滿足！！！,"蚵仔湯,a"
695,煎司目魚超好吃,"煎虱目魚,a"
696,"價格親民★★★★★，親切度★★★★★，炒飯敲好吃~~鮮蚵湯很鮮甜!，尤其是旗魚米粉~認為是招牌招牌，點菜的大哥人很親切,不過現場位子少少~，還會想一來再來的店","炒飯,a?鮮蚵湯,a?旗魚米粉,a"
697,熱炒飯.菜.麵.樣樣都好出😋😋😋,"熱炒飯,a?熱炒菜,a?熱炒麵,a"
698,(由Google提供翻譯)在Goro吃雞飯的孤獨的美食餐廳旁邊！，，這家店充滿了當地的感覺。大多數店員不會說日語或英語，但只有背心的兄弟才是日本的小侄女leryo。他是一個非常善良的兄弟，並問我一個不在菜單上的輪盤賭。畢竟，糙米已經結束，我不能吃它。，，基本食物如照片所示。炒綠色蔬菜和肉類似乎是白米飯。這是台灣的第一天，但它並不關心衛生。Goro-san也應該在這裡吃。。。，，我問了炒飯。雖然它有點淡，但炒飯是必須的！毫無疑問！炒飯在世界各地都很好嗎？。。…,"炒飯,a"
699,炒飯加旗魚米粉絕配(昔)，＊2019/9月再去😩炒飯變得非常難吃＊，今非昔比，收回四顆星評價。,"炒飯,c?旗魚米粉,a"
700,炒米粉很好吃，不會太乾,"炒米粉,a"
701,什錦米粉比較好吃、炒飯也很鮮，價格低廉古早味,"什錦米粉,a?炒飯,a"
702,好吃又划算！老闆親切！，推炒飯跟炒腸子,"炒飯,a?炒腸子,a"
703,炒飯、炒蛋、蚵仔湯、旗魚米粉、各種黑白切都美味，價格平實，還有一個產品叫天梯，口感奇特。,"炒飯,a?炒蛋,a?蚵仔湯,a?旗魚米粉,a?黑白切,a?天梯,a"
704,"蚵仔蛋好食,不像其他店槳化,鯕魚湯新鮮","蚵仔蛋,a?旗魚湯,a"
705,大稻埕永樂市場旁平價快炒，每次點不同餐點：炒飯、炒青菜、蛤仔湯、炒麵、蔥仔蛋...都很新鮮美味,"炒飯,a?炒青菜,a?蛤仔湯,a?炒麵,a?蔥仔蛋,a"
706,炒飯跟蔥蛋小孩很愛吃！，炒米粉大辣吃的很爽快！，嗜吃清淡口味的可以跟店員先告知喔。,"炒飯,a?蔥蛋,a?炒米粉,a"
